Genişletilmiş Sentetik Gönüllü ve Eğitim Veri Seti;;;;;;;
;;;;;;;
Başlık;Açıklama;;;;;;
Veri Niteliği;Tüm kişi, hesap, eğitim, sertifika, katılım ve sınav bilgileri tamamen sentetiktir.;;;;;;
Eğitim Türleri;Afet Farkındalık, Depremde Arama ve Kurtarma, Enkazda Arama ve Kurtarma Temel, Navigasyon, Kampçılık, Haberleşme ve Yangın Farkındalık.;;;;;;
Tarih Biçimi;"Tarih alanları gg.aa.yyyy; tarih-saat alanları gg.aa.yyyy ss:dd biçiminde gösterilir.";;;;;;
İlişkiler;Gönüllü ID, Eğitmen ID, Merkez Sorumlu ID, Eğitim ID ve Sınav ID alanları sayfalar arasında ilişki kurar.;;;;;;
Hesaplar;Her gönüllü, eğitmen ve merkez eğitim sorumlusu e-posta ve sentetik şifre ile bir hesaba bağlıdır.;;;;;;
Sınavlar;Katılımcı bazında sınava girme durumu, alınan puan ve geçti/kaldı bilgisi bulunur.;;;;;;
Referans Tarihi;17.07.2026;;;;;;
Yeni Seviyeli Eğitimler;Kentsel Arama Kurtarma, Su Arama Kurtarma ve Doğada Arama Kurtarma eğitimleri Seviye 1-5 olarak eklenmiştir.;;;;;;
Seviye Yapısı;"Her eğitim grubu için 5 seviye vardır; süre ve geçme puanı seviyeye göre artar.";;;;;;
Toplam Yeni Eğitim;15;;;;;;

Gönüllü ID;Ad Soyad;Telefon;Telefon Son Güncelleme;E-posta;Şifre;İl;Bölge;Aldığı Eğitimler;Uzmanlık Alanı;Durum;
GNL-0001;Tolga Öztürk;+90 555 200 0001;31.01.2025;tolga.ozturk.1@ornek.org;GNLByupdi926!001;Eskişehir;İç Anadolu;Depremde Arama ve Kurtarma Eğitimi, Navigasyon Eğitimi, Yangın Farkındalık Eğitimi;Arama ve Kurtarma;Aktif;
GNL-0002;Mert Yıldız;+90 555 200 0002;09.07.2025;mert.yildiz.2@ornek.org;GNLAoewzh208!002;Konya;İç Anadolu;Navigasyon Eğitimi, Yangın Farkındalık Eğitimi, Haberleşme Eğitimi, Afet Farkındalık Eğitimi;Haberleşme;Aktif;
GNL-0003;Seda Kara;+90 555 200 0003;02.07.2025;seda.kara.3@ornek.org;GNLAprbmf179!003;Bursa;Marmara;Depremde Arama ve Kurtarma Eğitimi;Arama ve Kurtarma;Aktif;
GNL-0004;Umut Doğan;+90 555 200 0004;15.09.2025;umut.dogan.4@ornek.org;GNLQyuvim297!004;Manisa;Ege;Kampçılık Eğitimi;Doğa;Aktif;
GNL-0005;Aslı Yıldız;+90 555 200 0005;25.09.2024;asli.yildiz.5@ornek.org;GNLYsuljb244!005;Erzurum;Doğu Anadolu;Yangın Farkındalık Eğitimi, Haberleşme Eğitimi;Haberleşme;Aktif;
GNL-0006;Cem Şahin;+90 555 200 0006;23.09.2025;cem.sahin.6@ornek.org;GNLFoxrqa317!006;Elazığ;Doğu Anadolu;Depremde Arama ve Kurtarma Eğitimi;Arama ve Kurtarma;Aktif;
GNL-0007;Elif Çelik;+90 555 200 0007;15.10.2025;elif.celik.7@ornek.org;GNLPbwltr463!007;Kars;Doğu Anadolu;Yangın Farkındalık Eğitimi, Haberleşme Eğitimi, Enkazda Arama ve Kurtarma Temel Eğitimi, Kampçılık Eğitimi;Haberleşme;Aktif;
GNL-0008;Ayşe Aydın;+90 555 200 0008;27.03.2026;ayse.aydin.8@ornek.org;GNLNarawv909!008;Amasya;Karadeniz;Enkazda Arama ve Kurtarma Temel Eğitimi, Yangın Farkındalık Eğitimi;Arama ve Kurtarma;Aktif;
GNL-0009;Selin Aslan;+90 555 200 0009;24.01.2025;selin.aslan.9@ornek.org;GNLDiyinf516!009;Isparta;Akdeniz;Navigasyon Eğitimi, Depremde Arama ve Kurtarma Eğitimi, Afet Farkındalık Eğitimi;Arama ve Kurtarma;Aktif;
GNL-0010;Hakan Doğan;+90 555 200 0010;20.04.2025;hakan.dogan.10@ornek.org;GNLIgxbnt368!010;Isparta;Akdeniz;Depremde Arama ve Kurtarma Eğitimi, Afet Farkındalık Eğitimi, Yangın Farkındalık Eğitimi;Arama ve Kurtarma;Aktif;
GNL-0011;Kerem Çelik;+90 555 200 0011;27.08.2025;kerem.celik.11@ornek.org;GNLZofgcq836!011;Muğla;Ege;Yangın Farkındalık Eğitimi;Yangın;Pasif;
GNL-0012;Elif Kara;+90 555 200 0012;04.06.2025;elif.kara.12@ornek.org;GNLWeweof337!012;Amasya;Karadeniz;Enkazda Arama ve Kurtarma Temel Eğitimi, Kampçılık Eğitimi, Depremde Arama ve Kurtarma Eğitimi, Haberleşme Eğitimi;Doğa;Aktif;
GNL-0013;Mert Aksoy;+90 555 200 0013;12.08.2025;mert.aksoy.13@ornek.org;GNLWrnmvb621!013;Van;Doğu Anadolu;Kampçılık Eğitimi, Afet Farkındalık Eğitimi, Yangın Farkındalık Eğitimi;Afet;Aktif;
GNL-0014;Hakan Çelik;+90 555 200 0014;26.03.2026;hakan.celik.14@ornek.org;GNLAschrf175!014;Gaziantep;Güneydoğu Anadolu;Kampçılık Eğitimi, Enkazda Arama ve Kurtarma Temel Eğitimi, Haberleşme Eğitimi, Yangın Farkındalık Eğitimi;Doğa;Pasif;
GNL-0015;Furkan Öztürk;+90 555 200 0015;18.10.2024;furkan.ozturk.15@ornek.org;GNLMdyhtk912!015;Sivas;İç Anadolu;Depremde Arama ve Kurtarma Eğitimi, Yangın Farkındalık Eğitimi, Enkazda Arama ve Kurtarma Temel Eğitimi;Yangın;Aktif;
GNL-0016;Ece Doğan;+90 555 200 0016;18.06.2026;ece.dogan.16@ornek.org;GNLEdlhue276!016;Adana;Akdeniz;Navigasyon Eğitimi, Haberleşme Eğitimi, Enkazda Arama ve Kurtarma Temel Eğitimi, Kampçılık Eğitimi;Navigasyon;Aktif;
GNL-0017;Pelin Aydın;+90 555 200 0017;09.06.2025;pelin.aydin.17@ornek.org;GNLVmlcpb352!017;İzmir;Ege;Enkazda Arama ve Kurtarma Temel Eğitimi, Haberleşme Eğitimi, Yangın Farkındalık Eğitimi, Depremde Arama ve Kurtarma Eğitimi;Yangın;Aktif;
GNL-0018;Derya Aksoy;+90 555 200 0018;02.02.2026;derya.aksoy.18@ornek.org;GNLFvsqec971!018;Kayseri;İç Anadolu;Navigasyon Eğitimi, Enkazda Arama ve Kurtarma Temel Eğitimi;Navigasyon;Aktif;
GNL-0019;Melis Öztürk;+90 555 200 0019;02.09.2024;melis.ozturk.19@ornek.org;GNLZrdgjv437!019;Adana;Akdeniz;Navigasyon Eğitimi;Navigasyon;Aktif;
GNL-0020;Zeynep Kaya;+90 555 200 0020;13.01.2025;zeynep.kaya.20@ornek.org;GNLKgnnjs754!020;Manisa;Ege;Haberleşme Eğitimi, Depremde Arama ve Kurtarma Eğitimi, Navigasyon Eğitimi, Enkazda Arama ve Kurtarma Temel Eğitimi;Arama ve Kurtarma;Aktif;
GNL-0021;Burak Öztürk;+90 555 200 0021;12.01.2025;burak.ozturk.21@ornek.org;GNLYyoedh973!021;Mersin;Akdeniz;Depremde Arama ve Kurtarma Eğitimi, Navigasyon Eğitimi, Yangın Farkındalık Eğitimi;Navigasyon;Aktif;
GNL-0022;Elif Çetin;+90 555 200 0022;07.02.2025;elif.cetin.22@ornek.org;GNLBmkldm182!022;Denizli;Ege;Afet Farkındalık Eğitimi, Depremde Arama ve Kurtarma Eğitimi;Arama ve Kurtarma;Aktif;
GNL-0023;İrem Aslan;+90 555 200 0023;20.12.2024;irem.aslan.23@ornek.org;GNLKcouwy931!023;Muğla;Ege;Kampçılık Eğitimi;Doğa;Aktif;
GNL-0024;Melis Yılmaz;+90 555 200 0024;24.12.2024;melis.yilmaz.24@ornek.org;GNLXjjfey748!024;İzmir;Ege;Yangın Farkındalık Eğitimi, Enkazda Arama ve Kurtarma Temel Eğitimi, Afet Farkındalık Eğitimi, Navigasyon Eğitimi;Afet;Aktif;
GNL-0025;Furkan Şahin;+90 555 200 0025;23.02.2025;furkan.sahin.25@ornek.org;GNLZshwug862!025;Amasya;Karadeniz;Haberleşme Eğitimi;Haberleşme;Aktif;
GNL-0026;Pelin Şahin;+90 555 200 0026;09.04.2026;pelin.sahin.26@ornek.org;GNLEbbqjn252!026;Antalya;Akdeniz;Yangın Farkındalık Eğitimi, Enkazda Arama ve Kurtarma Temel Eğitimi, Kampçılık Eğitimi;Doğa;Aktif;
GNL-0027;Nazlı Kara;+90 555 200 0027;11.03.2026;nazli.kara.27@ornek.org;GNLTtlaov896!027;Samsun;Karadeniz;Yangın Farkındalık Eğitimi, Afet Farkındalık Eğitimi, Kampçılık Eğitimi, Navigasyon Eğitimi;Doğa;Aktif;
GNL-0028;Hakan Şahin;+90 555 200 0028;11.09.2025;hakan.sahin.28@ornek.org;GNLDccntj243!028;Aydın;Ege;Kampçılık Eğitimi, Navigasyon Eğitimi, Depremde Arama ve Kurtarma Eğitimi;Doğa;Aktif;
GNL-0029;Barış Koç;+90 555 200 0029;05.07.2026;baris.koc.29@ornek.org;GNLSvxrgz873!029;Balıkesir;Marmara;Yangın Farkındalık Eğitimi, Depremde Arama ve Kurtarma Eğitimi;Arama ve Kurtarma;Pasif;
GNL-0030;Hakan Çetin;+90 555 200 0030;01.04.2026;hakan.cetin.30@ornek.org;GNLDtltsk170!030;Kayseri;İç Anadolu;Afet Farkındalık Eğitimi, Haberleşme Eğitimi, Enkazda Arama ve Kurtarma Temel Eğitimi;Haberleşme;Aktif;
GNL-0031;Hakan Yıldız;+90 555 200 0031;04.03.2026;hakan.yildiz.31@ornek.org;GNLKrwcqq592!031;Kocaeli;Marmara;Afet Farkındalık Eğitimi;Afet;Aktif;
GNL-0032;Selin Aslan;+90 555 200 0032;30.05.2025;selin.aslan.32@ornek.org;GNLRwqwbk236!032;Şanlıurfa;Güneydoğu Anadolu;Haberleşme Eğitimi, Depremde Arama ve Kurtarma Eğitimi;Haberleşme;Aktif;
GNL-0033;Ece Özdemir;+90 555 200 0033;13.11.2024;ece.ozdemir.33@ornek.org;GNLBkaodm415!033;Amasya;Karadeniz;Navigasyon Eğitimi;Navigasyon;Aktif;
GNL-0034;Onur Aydın;+90 555 200 0034;16.07.2025;onur.aydin.34@ornek.org;GNLJfvomn483!034;Mersin;Akdeniz;Yangın Farkındalık Eğitimi, Afet Farkındalık Eğitimi, Kampçılık Eğitimi, Haberleşme Eğitimi;Afet;Aktif;
GNL-0035;Zeynep Polat;+90 555 200 0035;21.02.2025;zeynep.polat.35@ornek.org;GNLHnwklo939!035;Muğla;Ege;Kampçılık Eğitimi;Doğa;Aktif;
GNL-0036;Ayşe Şimşek;+90 555 200 0036;18.04.2026;ayse.simsek.36@ornek.org;GNLLgetdl666!036;Isparta;Akdeniz;Enkazda Arama ve Kurtarma Temel Eğitimi, Afet Farkındalık Eğitimi, Yangın Farkındalık Eğitimi;Yangın;Aktif;
GNL-0037;Onur Aslan;+90 555 200 0037;19.08.2025;onur.aslan.37@ornek.org;GNLZjwxvt845!037;İstanbul;Marmara;Depremde Arama ve Kurtarma Eğitimi, Haberleşme Eğitimi;Haberleşme;Aktif;
GNL-0038;Ayşe Kılıç;+90 555 200 0038;14.05.2026;ayse.kilic.38@ornek.org;GNLOckupm164!038;İstanbul;Marmara;Navigasyon Eğitimi, Enkazda Arama ve Kurtarma Temel Eğitimi, Yangın Farkındalık Eğitimi, Haberleşme Eğitimi;Navigasyon;Aktif;
GNL-0039;Furkan Kurt;+90 555 200 0039;11.05.2026;furkan.kurt.39@ornek.org;GNLGyauqh655!039;Aydın;Ege;Enkazda Arama ve Kurtarma Temel Eğitimi;Arama ve Kurtarma;Aktif;
GNL-0040;Selin Özdemir;+90 555 200 0040;13.12.2025;selin.ozdemir.40@ornek.org;GNLOzkcqh719!040;Diyarbakır;Güneydoğu Anadolu;Yangın Farkındalık Eğitimi, Kampçılık Eğitimi, Depremde Arama ve Kurtarma Eğitimi, Enkazda Arama ve Kurtarma Temel Eğitimi;Arama ve Kurtarma;Aktif;
GNL-0041;Selin Polat;+90 555 200 0041;29.05.2026;selin.polat.41@ornek.org;GNLEjlxlz508!041;Malatya;Doğu Anadolu;Haberleşme Eğitimi, Navigasyon Eğitimi, Kampçılık Eğitimi, Depremde Arama ve Kurtarma Eğitimi;Navigasyon;Aktif;
GNL-0042;Elif Çetin;+90 555 200 0042;08.07.2025;elif.cetin.42@ornek.org;GNLFxukti310!042;Şanlıurfa;Güneydoğu Anadolu;Yangın Farkındalık Eğitimi, Afet Farkındalık Eğitimi;Afet;Aktif;
GNL-0043;Nazlı Doğan;+90 555 200 0043;02.01.2025;nazli.dogan.43@ornek.org;GNLPrbhoy462!043;Ankara;İç Anadolu;Enkazda Arama ve Kurtarma Temel Eğitimi, Haberleşme Eğitimi, Navigasyon Eğitimi, Kampçılık Eğitimi;Doğa;Aktif;
GNL-0044;Ayşe Çelik;+90 555 200 0044;21.04.2025;ayse.celik.44@ornek.org;GNLKobenw638!044;İstanbul;Marmara;Kampçılık Eğitimi, Afet Farkındalık Eğitimi, Navigasyon Eğitimi;Afet;Aktif;
GNL-0045;Can Aksoy;+90 555 200 0045;26.03.2025;can.aksoy.45@ornek.org;GNLTobyuo476!045;Kocaeli;Marmara;Navigasyon Eğitimi, Enkazda Arama ve Kurtarma Temel Eğitimi, Haberleşme Eğitimi;Navigasyon;Aktif;
GNL-0046;Barış Yıldız;+90 555 200 0046;19.12.2024;baris.yildiz.46@ornek.org;GNLBltfgb346!046;Gaziantep;Güneydoğu Anadolu;Haberleşme Eğitimi, Navigasyon Eğitimi;Haberleşme;Aktif;
GNL-0047;Umut Şahin;+90 555 200 0047;21.09.2024;umut.sahin.47@ornek.org;GNLIbdrnp803!047;Trabzon;Karadeniz;Yangın Farkındalık Eğitimi, Depremde Arama ve Kurtarma Eğitimi, Kampçılık Eğitimi, Haberleşme Eğitimi;Arama ve Kurtarma;Aktif;
GNL-0048;Mert Polat;+90 555 200 0048;25.02.2025;mert.polat.48@ornek.org;GNLScocaz658!048;Mardin;Güneydoğu Anadolu;Depremde Arama ve Kurtarma Eğitimi, Afet Farkındalık Eğitimi, Yangın Farkındalık Eğitimi, Haberleşme Eğitimi;Arama ve Kurtarma;Aktif;
GNL-0049;Ece Öztürk;+90 555 200 0049;19.09.2024;ece.ozturk.49@ornek.org;GNLJiptls308!049;Amasya;Karadeniz;Navigasyon Eğitimi, Yangın Farkındalık Eğitimi;Navigasyon;Aktif;
GNL-0050;Hakan Özdemir;+90 555 200 0050;27.04.2026;hakan.ozdemir.50@ornek.org;GNLHaycgc195!050;Konya;İç Anadolu;Yangın Farkındalık Eğitimi, Kampçılık Eğitimi;Yangın;Aktif;
GNL-0051;Melis Çetin;+90 555 200 0051;10.07.2025;melis.cetin.51@ornek.org;GNLZjefgz334!051;Antalya;Akdeniz;Afet Farkındalık Eğitimi, Navigasyon Eğitimi, Enkazda Arama ve Kurtarma Temel Eğitimi, Yangın Farkındalık Eğitimi;Afet;Aktif;
GNL-0052;Ceren Yılmaz;+90 555 200 0052;04.11.2024;ceren.yilmaz.52@ornek.org;GNLGlqmvi675!052;Muğla;Ege;Yangın Farkındalık Eğitimi, Enkazda Arama ve Kurtarma Temel Eğitimi, Depremde Arama ve Kurtarma Eğitimi, Afet Farkındalık Eğitimi;Afet;Pasif;
GNL-0053;Tolga Kurt;+90 555 200 0053;27.06.2026;tolga.kurt.53@ornek.org;GNLWrvllp214!053;Gaziantep;Güneydoğu Anadolu;Kampçılık Eğitimi, Yangın Farkındalık Eğitimi, Navigasyon Eğitimi;Yangın;Aktif;
GNL-0054;Aslı Aydın;+90 555 200 0054;24.08.2025;asli.aydin.54@ornek.org;GNLEwfhvv637!054;Denizli;Ege;Yangın Farkındalık Eğitimi;Yangın;Pasif;
GNL-0055;İrem Çelik;+90 555 200 0055;12.02.2026;irem.celik.55@ornek.org;GNLWpqenl631!055;Manisa;Ege;Haberleşme Eğitimi, Depremde Arama ve Kurtarma Eğitimi;Arama ve Kurtarma;Aktif;
GNL-0056;Umut Şahin;+90 555 200 0056;22.05.2026;umut.sahin.56@ornek.org;GNLFzgrdi390!056;İstanbul;Marmara;Haberleşme Eğitimi, Navigasyon Eğitimi, Enkazda Arama ve Kurtarma Temel Eğitimi;Haberleşme;Aktif;
GNL-0057;Emre Doğan;+90 555 200 0057;27.12.2025;emre.dogan.57@ornek.org;GNLQeqfar392!057;Adana;Akdeniz;Navigasyon Eğitimi, Enkazda Arama ve Kurtarma Temel Eğitimi;Navigasyon;Aktif;
GNL-0058;Melis Kılıç;+90 555 200 0058;18.04.2026;melis.kilic.58@ornek.org;GNLSwfhaq689!058;Balıkesir;Marmara;Depremde Arama ve Kurtarma Eğitimi, Afet Farkındalık Eğitimi, Navigasyon Eğitimi, Haberleşme Eğitimi;Haberleşme;Aktif;
GNL-0059;Tuğçe Doğan;+90 555 200 0059;20.06.2026;tugce.dogan.59@ornek.org;GNLNpzvru194!059;Gaziantep;Güneydoğu Anadolu;Yangın Farkındalık Eğitimi, Navigasyon Eğitimi, Afet Farkındalık Eğitimi, Depremde Arama ve Kurtarma Eğitimi;Afet;Aktif;
GNL-0060;Ceren Aydın;+90 555 200 0060;19.11.2024;ceren.aydin.60@ornek.org;GNLGzwhuj115!060;Tekirdağ;Marmara;Enkazda Arama ve Kurtarma Temel Eğitimi, Afet Farkındalık Eğitimi;Afet;Aktif;
GNL-0061;Emre Koç;+90 555 200 0061;01.07.2026;emre.koc.61@ornek.org;GNLOhjnbe200!061;Kars;Doğu Anadolu;Navigasyon Eğitimi, Haberleşme Eğitimi, Enkazda Arama ve Kurtarma Temel Eğitimi;Arama ve Kurtarma;Pasif;
GNL-0062;Mehmet Aksoy;+90 555 200 0062;21.05.2026;mehmet.aksoy.62@ornek.org;GNLTcsfsr818!062;Rize;Karadeniz;Navigasyon Eğitimi, Kampçılık Eğitimi, Depremde Arama ve Kurtarma Eğitimi;Doğa;Aktif;
GNL-0063;Derya Kaya;+90 555 200 0063;15.09.2025;derya.kaya.63@ornek.org;GNLOqcxom211!063;Muğla;Ege;Kampçılık Eğitimi;Doğa;Aktif;
GNL-0064;Hakan Aslan;+90 555 200 0064;25.07.2025;hakan.aslan.64@ornek.org;GNLLcirxz117!064;İzmir;Ege;Enkazda Arama ve Kurtarma Temel Eğitimi, Yangın Farkındalık Eğitimi;Yangın;Aktif;
GNL-0065;Aslı Polat;+90 555 200 0065;12.12.2025;asli.polat.65@ornek.org;GNLIbgrwu215!065;Malatya;Doğu Anadolu;Yangın Farkındalık Eğitimi, Enkazda Arama ve Kurtarma Temel Eğitimi, Kampçılık Eğitimi;Arama ve Kurtarma;Aktif;
GNL-0066;Barış Kaya;+90 555 200 0066;02.01.2025;baris.kaya.66@ornek.org;GNLOdmmfw894!066;Ordu;Karadeniz;Haberleşme Eğitimi;Haberleşme;Aktif;
GNL-0067;Emre Öztürk;+90 555 200 0067;25.11.2025;emre.ozturk.67@ornek.org;GNLGvgpsn521!067;Diyarbakır;Güneydoğu Anadolu;Enkazda Arama ve Kurtarma Temel Eğitimi, Depremde Arama ve Kurtarma Eğitimi, Afet Farkındalık Eğitimi, Kampçılık Eğitimi;Doğa;Aktif;
GNL-0068;Buse Aydın;+90 555 200 0068;12.07.2026;buse.aydin.68@ornek.org;GNLPcmtib856!068;Bursa;Marmara;Depremde Arama ve Kurtarma Eğitimi, Yangın Farkındalık Eğitimi;Yangın;Aktif;
GNL-0069;Elif Çelik;+90 555 200 0069;07.09.2025;elif.celik.69@ornek.org;GNLDspiid894!069;Eskişehir;İç Anadolu;Navigasyon Eğitimi;Navigasyon;Aktif;
GNL-0070;Pelin Aksoy;+90 555 200 0070;01.11.2024;pelin.aksoy.70@ornek.org;GNLEfpegv789!070;Mardin;Güneydoğu Anadolu;Navigasyon Eğitimi, Enkazda Arama ve Kurtarma Temel Eğitimi, Kampçılık Eğitimi, Haberleşme Eğitimi;Haberleşme;Aktif;
GNL-0071;Hakan Aslan;+90 555 200 0071;23.10.2025;hakan.aslan.71@ornek.org;GNLGzqvos300!071;Isparta;Akdeniz;Yangın Farkındalık Eğitimi, Enkazda Arama ve Kurtarma Temel Eğitimi, Depremde Arama ve Kurtarma Eğitimi, Haberleşme Eğitimi;Haberleşme;Aktif;
GNL-0072;Emre Özdemir;+90 555 200 0072;25.11.2025;emre.ozdemir.72@ornek.org;GNLExmrls673!072;Erzurum;Doğu Anadolu;Depremde Arama ve Kurtarma Eğitimi;Arama ve Kurtarma;Aktif;
GNL-0073;Pelin Yılmaz;+90 555 200 0073;20.10.2024;pelin.yilmaz.73@ornek.org;GNLKcuruc743!073;Malatya;Doğu Anadolu;Kampçılık Eğitimi;Doğa;Aktif;
GNL-0074;Ayşe Özdemir;+90 555 200 0074;19.09.2024;ayse.ozdemir.74@ornek.org;GNLHtgcso513!074;Manisa;Ege;Haberleşme Eğitimi, Depremde Arama ve Kurtarma Eğitimi, Navigasyon Eğitimi;Haberleşme;Aktif;
GNL-0075;Melis Aksoy;+90 555 200 0075;20.06.2025;melis.aksoy.75@ornek.org;GNLRekbdl186!075;Manisa;Ege;Afet Farkındalık Eğitimi, Depremde Arama ve Kurtarma Eğitimi, Navigasyon Eğitimi, Kampçılık Eğitimi;Afet;Pasif;
GNL-0076;Elif Şimşek;+90 555 200 0076;04.01.2025;elif.simsek.76@ornek.org;GNLDflulz225!076;Samsun;Karadeniz;Yangın Farkındalık Eğitimi;Yangın;Aktif;
GNL-0077;Can Şahin;+90 555 200 0077;11.10.2025;can.sahin.77@ornek.org;GNLTeucvt180!077;Van;Doğu Anadolu;Yangın Farkındalık Eğitimi, Depremde Arama ve Kurtarma Eğitimi;Yangın;Aktif;
GNL-0078;Mert Kara;+90 555 200 0078;04.10.2024;mert.kara.78@ornek.org;GNLBflfqw280!078;Gaziantep;Güneydoğu Anadolu;Yangın Farkındalık Eğitimi, Haberleşme Eğitimi;Yangın;Aktif;
GNL-0079;Seda Çetin;+90 555 200 0079;07.03.2025;seda.cetin.79@ornek.org;GNLKslupn991!079;Balıkesir;Marmara;Afet Farkındalık Eğitimi;Afet;Pasif;
GNL-0080;Buse Kaya;+90 555 200 0080;06.05.2025;buse.kaya.80@ornek.org;GNLPbzyzg743!080;Van;Doğu Anadolu;Navigasyon Eğitimi, Enkazda Arama ve Kurtarma Temel Eğitimi, Haberleşme Eğitimi, Kampçılık Eğitimi;Navigasyon;Aktif;


Sertifika ID;Gönüllü ID;Sertifika Adı;Alan;Veriliş Tarihi;Geçerlilik Bitişi;Durum;
GSRT-0001;GNL-0001;Navigasyon Eğitimi Katılım Sertifikası;Navigasyon;14.01.2024;13.01.2027;Geçerli;
GSRT-0002;GNL-0001;Yangın Farkındalık Eğitimi Katılım Sertifikası;Yangın;15.08.2024;15.08.2027;Geçerli;
GSRT-0003;GNL-0001;Depremde Arama ve Kurtarma Eğitimi Katılım Sertifikası;Arama ve Kurtarma;15.02.2024;14.02.2027;Geçerli;
GSRT-0004;GNL-0002;Afet Farkındalık Eğitimi Katılım Sertifikası;Afet;28.07.2023;27.07.2026;Geçerli;
GSRT-0005;GNL-0002;Yangın Farkındalık Eğitimi Katılım Sertifikası;Yangın;27.12.2022;26.12.2025;Süresi Dolmuş;
GSRT-0006;GNL-0003;Depremde Arama ve Kurtarma Eğitimi Katılım Sertifikası;Arama ve Kurtarma;10.07.2023;09.07.2026;Süresi Dolmuş;
GSRT-0007;GNL-0004;Kampçılık Eğitimi Katılım Sertifikası;Doğa;02.03.2025;01.03.2028;Geçerli;
GSRT-0008;GNL-0005;Yangın Farkındalık Eğitimi Katılım Sertifikası;Yangın;24.12.2024;24.12.2027;Geçerli;
GSRT-0009;GNL-0006;Depremde Arama ve Kurtarma Eğitimi Katılım Sertifikası;Arama ve Kurtarma;21.02.2023;20.02.2026;Süresi Dolmuş;
GSRT-0010;GNL-0007;Yangın Farkındalık Eğitimi Katılım Sertifikası;Yangın;14.08.2024;14.08.2027;Geçerli;
GSRT-0011;GNL-0007;Haberleşme Eğitimi Katılım Sertifikası;Haberleşme;06.04.2023;05.04.2026;Süresi Dolmuş;
GSRT-0012;GNL-0007;Kampçılık Eğitimi Katılım Sertifikası;Doğa;20.03.2023;19.03.2026;Süresi Dolmuş;
GSRT-0013;GNL-0008;Enkazda Arama ve Kurtarma Temel Eğitimi Katılım Sertifikası;Arama ve Kurtarma;11.08.2024;11.08.2027;Geçerli;
GSRT-0014;GNL-0009;Afet Farkındalık Eğitimi Katılım Sertifikası;Afet;19.11.2025;18.11.2028;Geçerli;
GSRT-0015;GNL-0010;Depremde Arama ve Kurtarma Eğitimi Katılım Sertifikası;Arama ve Kurtarma;25.03.2026;24.03.2029;Geçerli;
GSRT-0016;GNL-0011;Yangın Farkındalık Eğitimi Katılım Sertifikası;Yangın;29.09.2025;28.09.2028;Geçerli;
GSRT-0017;GNL-0012;Depremde Arama ve Kurtarma Eğitimi Katılım Sertifikası;Arama ve Kurtarma;26.04.2023;25.04.2026;Süresi Dolmuş;
GSRT-0018;GNL-0012;Haberleşme Eğitimi Katılım Sertifikası;Haberleşme;24.08.2025;23.08.2028;Geçerli;
GSRT-0019;GNL-0012;Enkazda Arama ve Kurtarma Temel Eğitimi Katılım Sertifikası;Arama ve Kurtarma;09.04.2024;09.04.2027;Geçerli;
GSRT-0020;GNL-0012;Kampçılık Eğitimi Katılım Sertifikası;Doğa;28.03.2023;27.03.2026;Süresi Dolmuş;
GSRT-0021;GNL-0013;Afet Farkındalık Eğitimi Katılım Sertifikası;Afet;14.08.2024;14.08.2027;Geçerli;
GSRT-0022;GNL-0014;Enkazda Arama ve Kurtarma Temel Eğitimi Katılım Sertifikası;Arama ve Kurtarma;18.08.2025;17.08.2028;Geçerli;
GSRT-0023;GNL-0014;Yangın Farkındalık Eğitimi Katılım Sertifikası;Yangın;30.04.2025;29.04.2028;Geçerli;
GSRT-0024;GNL-0014;Haberleşme Eğitimi Katılım Sertifikası;Haberleşme;02.06.2025;01.06.2028;Geçerli;
GSRT-0025;GNL-0015;Yangın Farkındalık Eğitimi Katılım Sertifikası;Yangın;13.08.2024;13.08.2027;Geçerli;
GSRT-0026;GNL-0015;Depremde Arama ve Kurtarma Eğitimi Katılım Sertifikası;Arama ve Kurtarma;20.09.2025;19.09.2028;Geçerli;
GSRT-0027;GNL-0016;Kampçılık Eğitimi Katılım Sertifikası;Doğa;15.11.2025;14.11.2028;Geçerli;
GSRT-0028;GNL-0017;Enkazda Arama ve Kurtarma Temel Eğitimi Katılım Sertifikası;Arama ve Kurtarma;01.04.2026;31.03.2029;Geçerli;
GSRT-0029;GNL-0018;Enkazda Arama ve Kurtarma Temel Eğitimi Katılım Sertifikası;Arama ve Kurtarma;02.02.2026;01.02.2029;Geçerli;
GSRT-0030;GNL-0018;Navigasyon Eğitimi Katılım Sertifikası;Navigasyon;06.02.2026;05.02.2029;Geçerli;
GSRT-0031;GNL-0019;Navigasyon Eğitimi Katılım Sertifikası;Navigasyon;27.01.2023;26.01.2026;Süresi Dolmuş;
GSRT-0032;GNL-0020;Haberleşme Eğitimi Katılım Sertifikası;Haberleşme;15.05.2025;14.05.2028;Geçerli;
GSRT-0033;GNL-0021;Navigasyon Eğitimi Katılım Sertifikası;Navigasyon;12.02.2024;11.02.2027;Geçerli;
GSRT-0034;GNL-0021;Yangın Farkındalık Eğitimi Katılım Sertifikası;Yangın;22.03.2024;22.03.2027;Geçerli;
GSRT-0035;GNL-0021;Depremde Arama ve Kurtarma Eğitimi Katılım Sertifikası;Arama ve Kurtarma;23.09.2024;23.09.2027;Geçerli;
GSRT-0036;GNL-0022;Afet Farkındalık Eğitimi Katılım Sertifikası;Afet;13.07.2023;12.07.2026;Süresi Dolmuş;
GSRT-0037;GNL-0023;Kampçılık Eğitimi Katılım Sertifikası;Doğa;16.04.2026;15.04.2029;Geçerli;
GSRT-0038;GNL-0024;Navigasyon Eğitimi Katılım Sertifikası;Navigasyon;27.06.2023;26.06.2026;Süresi Dolmuş;
GSRT-0039;GNL-0024;Afet Farkındalık Eğitimi Katılım Sertifikası;Afet;27.11.2023;26.11.2026;Geçerli;
GSRT-0040;GNL-0024;Enkazda Arama ve Kurtarma Temel Eğitimi Katılım Sertifikası;Arama ve Kurtarma;17.05.2023;16.05.2026;Süresi Dolmuş;
GSRT-0041;GNL-0024;Yangın Farkındalık Eğitimi Katılım Sertifikası;Yangın;20.04.2024;20.04.2027;Geçerli;
GSRT-0042;GNL-0025;Haberleşme Eğitimi Katılım Sertifikası;Haberleşme;25.07.2024;25.07.2027;Geçerli;
GSRT-0043;GNL-0026;Yangın Farkındalık Eğitimi Katılım Sertifikası;Yangın;29.09.2023;28.09.2026;Geçerli;
GSRT-0044;GNL-0027;Navigasyon Eğitimi Katılım Sertifikası;Navigasyon;18.01.2025;18.01.2028;Geçerli;
GSRT-0045;GNL-0027;Yangın Farkındalık Eğitimi Katılım Sertifikası;Yangın;08.01.2026;07.01.2029;Geçerli;
GSRT-0046;GNL-0028;Depremde Arama ve Kurtarma Eğitimi Katılım Sertifikası;Arama ve Kurtarma;20.04.2026;19.04.2029;Geçerli;
GSRT-0047;GNL-0029;Depremde Arama ve Kurtarma Eğitimi Katılım Sertifikası;Arama ve Kurtarma;15.07.2025;14.07.2028;Geçerli;
GSRT-0048;GNL-0029;Yangın Farkındalık Eğitimi Katılım Sertifikası;Yangın;31.03.2023;30.03.2026;Süresi Dolmuş;
GSRT-0049;GNL-0030;Afet Farkındalık Eğitimi Katılım Sertifikası;Afet;31.10.2024;31.10.2027;Geçerli;
GSRT-0050;GNL-0030;Enkazda Arama ve Kurtarma Temel Eğitimi Katılım Sertifikası;Arama ve Kurtarma;19.04.2025;18.04.2028;Geçerli;
GSRT-0051;GNL-0031;Afet Farkındalık Eğitimi Katılım Sertifikası;Afet;24.10.2025;23.10.2028;Geçerli;
GSRT-0052;GNL-0032;Haberleşme Eğitimi Katılım Sertifikası;Haberleşme;21.10.2025;20.10.2028;Geçerli;
GSRT-0053;GNL-0032;Depremde Arama ve Kurtarma Eğitimi Katılım Sertifikası;Arama ve Kurtarma;10.12.2025;09.12.2028;Geçerli;
GSRT-0054;GNL-0033;Navigasyon Eğitimi Katılım Sertifikası;Navigasyon;19.10.2023;18.10.2026;Geçerli;
GSRT-0055;GNL-0034;Afet Farkındalık Eğitimi Katılım Sertifikası;Afet;23.09.2023;22.09.2026;Geçerli;
GSRT-0056;GNL-0034;Kampçılık Eğitimi Katılım Sertifikası;Doğa;29.11.2024;29.11.2027;Geçerli;
GSRT-0057;GNL-0034;Haberleşme Eğitimi Katılım Sertifikası;Haberleşme;14.11.2024;14.11.2027;Geçerli;
GSRT-0058;GNL-0035;Kampçılık Eğitimi Katılım Sertifikası;Doğa;12.03.2026;11.03.2029;Geçerli;
GSRT-0059;GNL-0036;Afet Farkındalık Eğitimi Katılım Sertifikası;Afet;14.05.2024;14.05.2027;Geçerli;
GSRT-0060;GNL-0037;Depremde Arama ve Kurtarma Eğitimi Katılım Sertifikası;Arama ve Kurtarma;08.09.2023;07.09.2026;Geçerli;
GSRT-0061;GNL-0038;Yangın Farkındalık Eğitimi Katılım Sertifikası;Yangın;02.04.2026;01.04.2029;Geçerli;
GSRT-0062;GNL-0038;Enkazda Arama ve Kurtarma Temel Eğitimi Katılım Sertifikası;Arama ve Kurtarma;08.11.2023;07.11.2026;Geçerli;
GSRT-0063;GNL-0039;Enkazda Arama ve Kurtarma Temel Eğitimi Katılım Sertifikası;Arama ve Kurtarma;27.12.2022;26.12.2025;Süresi Dolmuş;
GSRT-0064;GNL-0040;Enkazda Arama ve Kurtarma Temel Eğitimi Katılım Sertifikası;Arama ve Kurtarma;10.04.2024;10.04.2027;Geçerli;
GSRT-0065;GNL-0040;Yangın Farkındalık Eğitimi Katılım Sertifikası;Yangın;16.01.2025;16.01.2028;Geçerli;
GSRT-0066;GNL-0040;Kampçılık Eğitimi Katılım Sertifikası;Doğa;01.04.2025;31.03.2028;Geçerli;
GSRT-0067;GNL-0040;Depremde Arama ve Kurtarma Eğitimi Katılım Sertifikası;Arama ve Kurtarma;19.01.2023;18.01.2026;Süresi Dolmuş;
GSRT-0068;GNL-0041;Haberleşme Eğitimi Katılım Sertifikası;Haberleşme;26.12.2025;25.12.2028;Geçerli;
GSRT-0069;GNL-0042;Afet Farkındalık Eğitimi Katılım Sertifikası;Afet;09.09.2025;08.09.2028;Geçerli;
GSRT-0070;GNL-0042;Yangın Farkındalık Eğitimi Katılım Sertifikası;Yangın;27.08.2023;26.08.2026;Geçerli;
GSRT-0071;GNL-0043;Kampçılık Eğitimi Katılım Sertifikası;Doğa;29.02.2024;28.02.2027;Geçerli;
GSRT-0072;GNL-0044;Afet Farkındalık Eğitimi Katılım Sertifikası;Afet;16.08.2025;15.08.2028;Geçerli;
GSRT-0073;GNL-0045;Navigasyon Eğitimi Katılım Sertifikası;Navigasyon;23.05.2025;22.05.2028;Geçerli;
GSRT-0074;GNL-0045;Enkazda Arama ve Kurtarma Temel Eğitimi Katılım Sertifikası;Arama ve Kurtarma;19.08.2025;18.08.2028;Geçerli;
GSRT-0075;GNL-0046;Navigasyon Eğitimi Katılım Sertifikası;Navigasyon;03.06.2024;03.06.2027;Geçerli;
GSRT-0076;GNL-0046;Haberleşme Eğitimi Katılım Sertifikası;Haberleşme;28.07.2025;27.07.2028;Geçerli;
GSRT-0077;GNL-0047;Kampçılık Eğitimi Katılım Sertifikası;Doğa;04.08.2023;03.08.2026;Geçerli;
GSRT-0078;GNL-0047;Yangın Farkındalık Eğitimi Katılım Sertifikası;Yangın;21.08.2024;21.08.2027;Geçerli;
GSRT-0079;GNL-0048;Yangın Farkındalık Eğitimi Katılım Sertifikası;Yangın;11.08.2023;10.08.2026;Geçerli;
GSRT-0080;GNL-0048;Depremde Arama ve Kurtarma Eğitimi Katılım Sertifikası;Arama ve Kurtarma;03.07.2025;02.07.2028;Geçerli;
GSRT-0081;GNL-0048;Afet Farkındalık Eğitimi Katılım Sertifikası;Afet;30.05.2024;30.05.2027;Geçerli;
GSRT-0082;GNL-0048;Haberleşme Eğitimi Katılım Sertifikası;Haberleşme;26.04.2025;25.04.2028;Geçerli;
GSRT-0083;GNL-0049;Navigasyon Eğitimi Katılım Sertifikası;Navigasyon;15.06.2024;15.06.2027;Geçerli;
GSRT-0084;GNL-0049;Yangın Farkındalık Eğitimi Katılım Sertifikası;Yangın;12.11.2025;11.11.2028;Geçerli;
GSRT-0085;GNL-0050;Kampçılık Eğitimi Katılım Sertifikası;Doğa;19.05.2025;18.05.2028;Geçerli;
GSRT-0086;GNL-0051;Yangın Farkındalık Eğitimi Katılım Sertifikası;Yangın;24.11.2024;24.11.2027;Geçerli;
GSRT-0087;GNL-0051;Enkazda Arama ve Kurtarma Temel Eğitimi Katılım Sertifikası;Arama ve Kurtarma;31.01.2025;31.01.2028;Geçerli;
GSRT-0088;GNL-0051;Navigasyon Eğitimi Katılım Sertifikası;Navigasyon;28.11.2024;28.11.2027;Geçerli;
GSRT-0089;GNL-0051;Afet Farkındalık Eğitimi Katılım Sertifikası;Afet;17.01.2026;16.01.2029;Geçerli;
GSRT-0090;GNL-0052;Yangın Farkındalık Eğitimi Katılım Sertifikası;Yangın;11.04.2024;11.04.2027;Geçerli;
GSRT-0091;GNL-0052;Afet Farkındalık Eğitimi Katılım Sertifikası;Afet;01.08.2025;31.07.2028;Geçerli;
GSRT-0092;GNL-0052;Depremde Arama ve Kurtarma Eğitimi Katılım Sertifikası;Arama ve Kurtarma;15.02.2023;14.02.2026;Süresi Dolmuş;
GSRT-0093;GNL-0052;Enkazda Arama ve Kurtarma Temel Eğitimi Katılım Sertifikası;Arama ve Kurtarma;30.04.2023;29.04.2026;Süresi Dolmuş;
GSRT-0094;GNL-0053;Navigasyon Eğitimi Katılım Sertifikası;Navigasyon;27.11.2023;26.11.2026;Geçerli;
GSRT-0095;GNL-0054;Yangın Farkındalık Eğitimi Katılım Sertifikası;Yangın;24.02.2024;23.02.2027;Geçerli;
GSRT-0096;GNL-0055;Haberleşme Eğitimi Katılım Sertifikası;Haberleşme;28.06.2023;27.06.2026;Süresi Dolmuş;
GSRT-0097;GNL-0056;Haberleşme Eğitimi Katılım Sertifikası;Haberleşme;22.08.2025;21.08.2028;Geçerli;
GSRT-0098;GNL-0056;Enkazda Arama ve Kurtarma Temel Eğitimi Katılım Sertifikası;Arama ve Kurtarma;23.06.2024;23.06.2027;Geçerli;
GSRT-0099;GNL-0056;Navigasyon Eğitimi Katılım Sertifikası;Navigasyon;18.04.2026;17.04.2029;Geçerli;
GSRT-0100;GNL-0057;Enkazda Arama ve Kurtarma Temel Eğitimi Katılım Sertifikası;Arama ve Kurtarma;14.01.2026;13.01.2029;Geçerli;
GSRT-0101;GNL-0057;Navigasyon Eğitimi Katılım Sertifikası;Navigasyon;02.09.2025;01.09.2028;Geçerli;
GSRT-0102;GNL-0058;Navigasyon Eğitimi Katılım Sertifikası;Navigasyon;04.11.2024;04.11.2027;Geçerli;
GSRT-0103;GNL-0058;Depremde Arama ve Kurtarma Eğitimi Katılım Sertifikası;Arama ve Kurtarma;09.11.2023;08.11.2026;Geçerli;
GSRT-0104;GNL-0058;Afet Farkındalık Eğitimi Katılım Sertifikası;Afet;11.12.2024;11.12.2027;Geçerli;
GSRT-0105;GNL-0059;Afet Farkındalık Eğitimi Katılım Sertifikası;Afet;23.08.2023;22.08.2026;Geçerli;
GSRT-0106;GNL-0059;Yangın Farkındalık Eğitimi Katılım Sertifikası;Yangın;04.03.2026;03.03.2029;Geçerli;
GSRT-0107;GNL-0059;Navigasyon Eğitimi Katılım Sertifikası;Navigasyon;10.07.2025;09.07.2028;Geçerli;
GSRT-0108;GNL-0060;Enkazda Arama ve Kurtarma Temel Eğitimi Katılım Sertifikası;Arama ve Kurtarma;26.09.2023;25.09.2026;Geçerli;
GSRT-0109;GNL-0061;Haberleşme Eğitimi Katılım Sertifikası;Haberleşme;25.06.2024;25.06.2027;Geçerli;
GSRT-0110;GNL-0062;Navigasyon Eğitimi Katılım Sertifikası;Navigasyon;05.03.2023;04.03.2026;Süresi Dolmuş;
GSRT-0111;GNL-0062;Kampçılık Eğitimi Katılım Sertifikası;Doğa;13.08.2024;13.08.2027;Geçerli;
GSRT-0112;GNL-0062;Depremde Arama ve Kurtarma Eğitimi Katılım Sertifikası;Arama ve Kurtarma;23.02.2025;23.02.2028;Geçerli;
GSRT-0113;GNL-0063;Kampçılık Eğitimi Katılım Sertifikası;Doğa;29.03.2026;28.03.2029;Geçerli;
GSRT-0114;GNL-0064;Enkazda Arama ve Kurtarma Temel Eğitimi Katılım Sertifikası;Arama ve Kurtarma;02.04.2023;01.04.2026;Süresi Dolmuş;
GSRT-0115;GNL-0064;Yangın Farkındalık Eğitimi Katılım Sertifikası;Yangın;13.08.2023;12.08.2026;Geçerli;
GSRT-0116;GNL-0065;Kampçılık Eğitimi Katılım Sertifikası;Doğa;09.02.2025;09.02.2028;Geçerli;
GSRT-0117;GNL-0065;Yangın Farkındalık Eğitimi Katılım Sertifikası;Yangın;06.05.2023;05.05.2026;Süresi Dolmuş;
GSRT-0118;GNL-0066;Haberleşme Eğitimi Katılım Sertifikası;Haberleşme;30.06.2024;30.06.2027;Geçerli;
GSRT-0119;GNL-0067;Afet Farkındalık Eğitimi Katılım Sertifikası;Afet;23.01.2026;22.01.2029;Geçerli;
GSRT-0120;GNL-0067;Kampçılık Eğitimi Katılım Sertifikası;Doğa;09.01.2024;08.01.2027;Geçerli;
GSRT-0121;GNL-0068;Depremde Arama ve Kurtarma Eğitimi Katılım Sertifikası;Arama ve Kurtarma;04.12.2024;04.12.2027;Geçerli;
GSRT-0122;GNL-0069;Navigasyon Eğitimi Katılım Sertifikası;Navigasyon;06.05.2025;05.05.2028;Geçerli;
GSRT-0123;GNL-0070;Navigasyon Eğitimi Katılım Sertifikası;Navigasyon;06.05.2025;05.05.2028;Geçerli;
GSRT-0124;GNL-0071;Enkazda Arama ve Kurtarma Temel Eğitimi Katılım Sertifikası;Arama ve Kurtarma;08.07.2025;07.07.2028;Geçerli;
GSRT-0125;GNL-0072;Depremde Arama ve Kurtarma Eğitimi Katılım Sertifikası;Arama ve Kurtarma;08.06.2023;07.06.2026;Süresi Dolmuş;
GSRT-0126;GNL-0073;Kampçılık Eğitimi Katılım Sertifikası;Doğa;21.08.2024;21.08.2027;Geçerli;
GSRT-0127;GNL-0074;Haberleşme Eğitimi Katılım Sertifikası;Haberleşme;02.12.2023;01.12.2026;Geçerli;
GSRT-0128;GNL-0074;Navigasyon Eğitimi Katılım Sertifikası;Navigasyon;09.02.2026;08.02.2029;Geçerli;
GSRT-0129;GNL-0075;Depremde Arama ve Kurtarma Eğitimi Katılım Sertifikası;Arama ve Kurtarma;22.10.2024;22.10.2027;Geçerli;
GSRT-0130;GNL-0076;Yangın Farkındalık Eğitimi Katılım Sertifikası;Yangın;10.02.2025;10.02.2028;Geçerli;
GSRT-0131;GNL-0077;Depremde Arama ve Kurtarma Eğitimi Katılım Sertifikası;Arama ve Kurtarma;07.11.2025;06.11.2028;Geçerli;
GSRT-0132;GNL-0078;Yangın Farkındalık Eğitimi Katılım Sertifikası;Yangın;13.05.2026;12.05.2029;Geçerli;
GSRT-0133;GNL-0078;Haberleşme Eğitimi Katılım Sertifikası;Haberleşme;22.06.2024;22.06.2027;Geçerli;
GSRT-0134;GNL-0079;Afet Farkındalık Eğitimi Katılım Sertifikası;Afet;05.01.2023;04.01.2026;Süresi Dolmuş;
GSRT-0135;GNL-0080;Kampçılık Eğitimi Katılım Sertifikası;Doğa;31.03.2025;30.03.2028;Geçerli;
GSRT-0136;GNL-0080;Enkazda Arama ve Kurtarma Temel Eğitimi Katılım Sertifikası;Arama ve Kurtarma;28.12.2025;27.12.2028;Geçerli;
GSRT-0137;GNL-0080;Haberleşme Eğitimi Katılım Sertifikası;Haberleşme;17.02.2023;16.02.2026;Süresi Dolmuş;


Eğitmen ID;Ad Soyad;Telefon;E-posta;Şifre;Bulunduğu İl;Bölge;Uzmanlık Eğitimleri;Durum;
EGT-0001;Furkan Öztürk;+90 555 200 0501;furkan.ozturk.1@egitmen.ornek.org;EGTWzcnrb223!001;Kocaeli;Marmara;Yangın Farkındalık Eğitimi;Aktif;
EGT-0002;Mehmet Yılmaz;+90 555 200 0502;mehmet.yilmaz.2@egitmen.ornek.org;EGTJpapma676!002;Şanlıurfa;Güneydoğu Anadolu;Haberleşme Eğitimi, Yangın Farkındalık Eğitimi;Aktif;
EGT-0003;Kaan Doğan;+90 555 200 0503;kaan.dogan.3@egitmen.ornek.org;EGTPeqtck556!003;Erzurum;Doğu Anadolu;Yangın Farkındalık Eğitimi, Haberleşme Eğitimi, Navigasyon Eğitimi;Aktif;
EGT-0004;Tolga Şahin;+90 555 200 0504;tolga.sahin.4@egitmen.ornek.org;EGTLtmcqh891!004;Samsun;Karadeniz;Kampçılık Eğitimi, Enkazda Arama ve Kurtarma Temel Eğitimi;Aktif;
EGT-0005;Nazlı Aydın;+90 555 200 0505;nazli.aydin.5@egitmen.ornek.org;EGTRqdcyl367!005;Mardin;Güneydoğu Anadolu;Depremde Arama ve Kurtarma Eğitimi, Navigasyon Eğitimi;Aktif;
EGT-0006;Nazlı Öztürk;+90 555 200 0506;nazli.ozturk.6@egitmen.ornek.org;EGTXkypbf617!006;Antalya;Akdeniz;Haberleşme Eğitimi, Afet Farkındalık Eğitimi, Yangın Farkındalık Eğitimi;Aktif;
EGT-0007;Burak Şimşek;+90 555 200 0507;burak.simsek.7@egitmen.ornek.org;EGTFlvynf766!007;Diyarbakır;Güneydoğu Anadolu;Kampçılık Eğitimi, Enkazda Arama ve Kurtarma Temel Eğitimi;Aktif;
EGT-0008;Barış Arslan;+90 555 200 0508;baris.arslan.8@egitmen.ornek.org;EGTJkjkma212!008;Antalya;Akdeniz;Enkazda Arama ve Kurtarma Temel Eğitimi, Kampçılık Eğitimi, Navigasyon Eğitimi;Aktif;
EGT-0009;Tolga Kaya;+90 555 200 0509;tolga.kaya.9@egitmen.ornek.org;EGTQuptnm848!009;Hatay;Akdeniz;Navigasyon Eğitimi;Aktif;
EGT-0010;İrem Kara;+90 555 200 0510;irem.kara.10@egitmen.ornek.org;EGTNbkbsp619!010;Adana;Akdeniz;Navigasyon Eğitimi, Depremde Arama ve Kurtarma Eğitimi, Afet Farkındalık Eğitimi;Aktif;
EGT-0011;Tuğçe Polat;+90 555 200 0511;tugce.polat.11@egitmen.ornek.org;EGTYwgrgz243!011;Ordu;Karadeniz;Haberleşme Eğitimi, Kampçılık Eğitimi, Depremde Arama ve Kurtarma Eğitimi;Aktif;
EGT-0012;Seda Yılmaz;+90 555 200 0512;seda.yilmaz.12@egitmen.ornek.org;EGTVozfpy528!012;Diyarbakır;Güneydoğu Anadolu;Afet Farkındalık Eğitimi, Navigasyon Eğitimi, Haberleşme Eğitimi;Aktif;


Sertifika ID;Eğitmen ID;Sertifika Adı;Alan;Veriliş Tarihi;Geçerlilik Bitişi;Durum;
ESRT-0001;EGT-0001;Yangın Farkındalık Eğitimi Eğitmen Sertifikası;Yangın;12.07.2025;11.07.2030;Geçerli;
ESRT-0002;EGT-0002;Haberleşme Eğitimi Eğitmen Sertifikası;Haberleşme;24.11.2025;23.11.2030;Geçerli;
ESRT-0003;EGT-0002;Yangın Farkındalık Eğitimi Eğitmen Sertifikası;Yangın;07.10.2023;05.10.2028;Geçerli;
ESRT-0004;EGT-0003;Yangın Farkındalık Eğitimi Eğitmen Sertifikası;Yangın;23.03.2026;22.03.2031;Geçerli;
ESRT-0005;EGT-0003;Haberleşme Eğitimi Eğitmen Sertifikası;Haberleşme;24.07.2025;23.07.2030;Geçerli;
ESRT-0006;EGT-0003;Navigasyon Eğitimi Eğitmen Sertifikası;Navigasyon;18.07.2025;17.07.2030;Geçerli;
ESRT-0007;EGT-0004;Kampçılık Eğitimi Eğitmen Sertifikası;Doğa;19.05.2024;18.05.2029;Geçerli;
ESRT-0008;EGT-0004;Enkazda Arama ve Kurtarma Temel Eğitimi Eğitmen Sertifikası;Arama ve Kurtarma;28.06.2025;27.06.2030;Geçerli;
ESRT-0009;EGT-0005;Depremde Arama ve Kurtarma Eğitimi Eğitmen Sertifikası;Arama ve Kurtarma;26.06.2024;25.06.2029;Geçerli;
ESRT-0010;EGT-0005;Navigasyon Eğitimi Eğitmen Sertifikası;Navigasyon;10.06.2025;09.06.2030;Geçerli;
ESRT-0011;EGT-0006;Haberleşme Eğitimi Eğitmen Sertifikası;Haberleşme;23.11.2023;21.11.2028;Geçerli;
ESRT-0012;EGT-0006;Afet Farkındalık Eğitimi Eğitmen Sertifikası;Afet;05.11.2024;04.11.2029;Geçerli;
ESRT-0013;EGT-0006;Yangın Farkındalık Eğitimi Eğitmen Sertifikası;Yangın;22.05.2023;20.05.2028;Geçerli;
ESRT-0014;EGT-0007;Kampçılık Eğitimi Eğitmen Sertifikası;Doğa;14.10.2023;12.10.2028;Geçerli;
ESRT-0015;EGT-0007;Enkazda Arama ve Kurtarma Temel Eğitimi Eğitmen Sertifikası;Arama ve Kurtarma;10.10.2024;09.10.2029;Geçerli;
ESRT-0016;EGT-0008;Enkazda Arama ve Kurtarma Temel Eğitimi Eğitmen Sertifikası;Arama ve Kurtarma;11.05.2024;10.05.2029;Geçerli;
ESRT-0017;EGT-0008;Kampçılık Eğitimi Eğitmen Sertifikası;Doğa;07.10.2025;06.10.2030;Geçerli;
ESRT-0018;EGT-0008;Navigasyon Eğitimi Eğitmen Sertifikası;Navigasyon;27.06.2024;26.06.2029;Geçerli;
ESRT-0019;EGT-0009;Navigasyon Eğitimi Eğitmen Sertifikası;Navigasyon;02.05.2023;30.04.2028;Geçerli;
ESRT-0020;EGT-0010;Navigasyon Eğitimi Eğitmen Sertifikası;Navigasyon;05.08.2024;04.08.2029;Geçerli;
ESRT-0021;EGT-0010;Depremde Arama ve Kurtarma Eğitimi Eğitmen Sertifikası;Arama ve Kurtarma;10.06.2025;09.06.2030;Geçerli;
ESRT-0022;EGT-0010;Afet Farkındalık Eğitimi Eğitmen Sertifikası;Afet;03.03.2024;02.03.2029;Geçerli;
ESRT-0023;EGT-0011;Haberleşme Eğitimi Eğitmen Sertifikası;Haberleşme;29.05.2023;27.05.2028;Geçerli;
ESRT-0024;EGT-0011;Kampçılık Eğitimi Eğitmen Sertifikası;Doğa;25.05.2024;24.05.2029;Geçerli;
ESRT-0025;EGT-0011;Depremde Arama ve Kurtarma Eğitimi Eğitmen Sertifikası;Arama ve Kurtarma;29.05.2025;28.05.2030;Geçerli;
ESRT-0026;EGT-0012;Afet Farkındalık Eğitimi Eğitmen Sertifikası;Afet;08.08.2024;07.08.2029;Geçerli;
ESRT-0027;EGT-0012;Navigasyon Eğitimi Eğitmen Sertifikası;Navigasyon;08.02.2025;07.02.2030;Geçerli;
ESRT-0028;EGT-0012;Haberleşme Eğitimi Eğitmen Sertifikası;Haberleşme;21.05.2023;19.05.2028;Geçerli;


Sorumlu ID;Ad Soyad;Telefon;E-posta;Şifre;Sorumlu Bölge;Bulunduğu İl;Durum;
MES-0001;Emre Kara;+90 555 200 0701;emre.kara.1@merkez.ornek.org;MESOrmcrj331!001;Marmara;Tekirdağ;Aktif;
MES-0002;Emre Çelik;+90 555 200 0702;emre.celik.2@merkez.ornek.org;MESTdjrfh383!002;Ege;İzmir;Aktif;
MES-0003;İrem Yılmaz;+90 555 200 0703;irem.yilmaz.3@merkez.ornek.org;MESCyguon469!003;Akdeniz;Isparta;Aktif;
MES-0004;Onur Şimşek;+90 555 200 0704;onur.simsek.4@merkez.ornek.org;MESYcsjys366!004;İç Anadolu;Kayseri;Aktif;
MES-0005;Ceren Çelik;+90 555 200 0705;ceren.celik.5@merkez.ornek.org;MESStkjdb734!005;Karadeniz;Trabzon;Aktif;
MES-0006;Onur Çetin;+90 555 200 0706;onur.cetin.6@merkez.ornek.org;MESJbqsxp915!006;Doğu Anadolu;Kars;Aktif;
MES-0007;Selin Öztürk;+90 555 200 0707;selin.ozturk.7@merkez.ornek.org;MESJjrrlr617!007;Güneydoğu Anadolu;Adıyaman;Aktif;


Eğitim ID;Eğitim Adı;Alan;Kapsam;İl;Bölge;Konum;Başlangıç Tarihi;Bitiş Tarihi;Süre (Gün);Eğitmen ID;Merkez Sorumlu ID;Kontenjan;Durum;
EĞT-0001;Kampçılık Eğitimi;Doğa;İl Bazlı;Ordu;Karadeniz;Ordu Koordinasyon Merkezi;02.11.2026 10:00;03.11.2026 17:00;2;EGT-0004;MES-0005;20;Planlandı;
EĞT-0002;Haberleşme Eğitimi;Haberleşme;Ulusal;Adana;Akdeniz;Adana AFAD Salonu;14.05.2026 13:00;14.05.2026 20:00;1;EGT-0003;MES-0003;20;Tamamlandı;
EĞT-0003;Navigasyon Eğitimi;Navigasyon;Ulusal;Muğla;Ege;Muğla Koordinasyon Merkezi;03.06.2026 13:00;04.06.2026 20:00;2;EGT-0010;MES-0002;30;Tamamlandı;
EĞT-0004;Afet Farkındalık Eğitimi;Afet;İl Bazlı;Erzurum;Doğu Anadolu;Erzurum Koordinasyon Merkezi;08.06.2026 10:00;11.06.2026 17:00;4;EGT-0010;MES-0006;40;Tamamlandı;
EĞT-0005;Afet Farkındalık Eğitimi;Afet;İl Bazlı;Malatya;Doğu Anadolu;Malatya Koordinasyon Merkezi;14.06.2026 13:00;16.06.2026 20:00;3;EGT-0010;MES-0006;25;Tamamlandı;
EĞT-0006;Navigasyon Eğitimi;Navigasyon;İl Bazlı;Mardin;Güneydoğu Anadolu;Mardin Eğitim Merkezi;10.11.2026 09:00;12.11.2026 16:00;3;EGT-0012;MES-0007;40;Planlandı;
EĞT-0007;Enkazda Arama ve Kurtarma Temel Eğitimi;Arama ve Kurtarma;İl Bazlı;Mardin;Güneydoğu Anadolu;Mardin Koordinasyon Merkezi;25.05.2026 13:00;26.05.2026 20:00;2;EGT-0007;MES-0007;30;Tamamlandı;
EĞT-0008;Haberleşme Eğitimi;Haberleşme;İl Bazlı;Isparta;Akdeniz;Isparta Koordinasyon Merkezi;07.02.2026 09:00;07.02.2026 16:00;1;EGT-0012;MES-0003;30;Tamamlandı;
EĞT-0009;Yangın Farkındalık Eğitimi;Yangın;Bölge Bazlı;Aydın;Ege;Aydın Saha Eğitim Alanı;28.06.2026 09:00;28.06.2026 16:00;1;EGT-0006;MES-0002;30;Tamamlandı;
EĞT-0010;Depremde Arama ve Kurtarma Eğitimi;Arama ve Kurtarma;İl Bazlı;Konya;İç Anadolu;Konya Koordinasyon Merkezi;30.09.2026 13:00;30.09.2026 20:00;1;EGT-0011;MES-0004;40;Planlandı;
EĞT-0011;Depremde Arama ve Kurtarma Eğitimi;Arama ve Kurtarma;Bölge Bazlı;Elazığ;Doğu Anadolu;Elazığ Saha Eğitim Alanı;07.06.2026 13:00;10.06.2026 20:00;4;EGT-0005;MES-0006;20;Tamamlandı;
EĞT-0012;Haberleşme Eğitimi;Haberleşme;Bölge Bazlı;Şanlıurfa;Güneydoğu Anadolu;Şanlıurfa AFAD Salonu;20.10.2026 10:00;23.10.2026 17:00;4;EGT-0006;MES-0007;25;Planlandı;
EĞT-0013;Haberleşme Eğitimi;Haberleşme;Bölge Bazlı;Adıyaman;Güneydoğu Anadolu;Adıyaman Eğitim Merkezi;21.02.2026 10:00;23.02.2026 17:00;3;EGT-0003;MES-0007;40;Tamamlandı;
EĞT-0014;Haberleşme Eğitimi;Haberleşme;Bölge Bazlı;İstanbul;Marmara;İstanbul AFAD Salonu;21.01.2026 09:00;22.01.2026 16:00;2;EGT-0006;MES-0001;30;Tamamlandı;
EĞT-0015;Navigasyon Eğitimi;Navigasyon;İl Bazlı;Şanlıurfa;Güneydoğu Anadolu;Şanlıurfa Eğitim Merkezi;02.06.2026 10:00;03.06.2026 17:00;2;EGT-0003;MES-0007;40;Tamamlandı;
EĞT-0016;Yangın Farkındalık Eğitimi;Yangın;İl Bazlı;Kayseri;İç Anadolu;Kayseri Koordinasyon Merkezi;15.07.2026 13:00;16.07.2026 20:00;2;EGT-0006;MES-0004;30;Tamamlandı;
EĞT-0017;Haberleşme Eğitimi;Haberleşme;Ulusal;İstanbul;Marmara;İstanbul AFAD Salonu;05.08.2026 09:00;07.08.2026 16:00;3;EGT-0002;MES-0001;40;Planlandı;
EĞT-0018;Depremde Arama ve Kurtarma Eğitimi;Arama ve Kurtarma;Uluslararası;Aydın;Ege;Aydın Koordinasyon Merkezi;12.10.2026 10:00;13.10.2026 17:00;2;EGT-0005;MES-0002;25;Planlandı;
EĞT-0019;Yangın Farkındalık Eğitimi;Yangın;İl Bazlı;Elazığ;Doğu Anadolu;Elazığ Eğitim Merkezi;22.07.2026 10:00;24.07.2026 17:00;3;EGT-0006;MES-0006;40;Planlandı;
EĞT-0020;Haberleşme Eğitimi;Haberleşme;İl Bazlı;Ordu;Karadeniz;Ordu Eğitim Merkezi;24.12.2026 09:00;25.12.2026 16:00;2;EGT-0006;MES-0005;20;Planlandı;
EĞT-0021;Enkazda Arama ve Kurtarma Temel Eğitimi;Arama ve Kurtarma;İl Bazlı;Sivas;İç Anadolu;Sivas AFAD Salonu;04.02.2026 09:00;05.02.2026 16:00;2;EGT-0004;MES-0004;25;Tamamlandı;
EĞT-0022;Navigasyon Eğitimi;Navigasyon;İl Bazlı;Mardin;Güneydoğu Anadolu;Mardin Saha Eğitim Alanı;12.10.2026 13:00;13.10.2026 20:00;2;EGT-0005;MES-0007;30;Planlandı;
EĞT-0023;Afet Farkındalık Eğitimi;Afet;Bölge Bazlı;Adana;Akdeniz;Adana AFAD Salonu;28.04.2026 09:00;29.04.2026 16:00;2;EGT-0006;MES-0003;40;Tamamlandı;
EĞT-0024;Depremde Arama ve Kurtarma Eğitimi;Arama ve Kurtarma;Ulusal;Mardin;Güneydoğu Anadolu;Mardin AFAD Salonu;22.02.2026 09:00;25.02.2026 16:00;4;EGT-0005;MES-0007;30;Tamamlandı;
EĞT-0025;Navigasyon Eğitimi;Navigasyon;Bölge Bazlı;Adıyaman;Güneydoğu Anadolu;Adıyaman Koordinasyon Merkezi;22.07.2026 13:00;25.07.2026 20:00;4;EGT-0010;MES-0007;30;Planlandı;
EĞT-0026;Haberleşme Eğitimi;Haberleşme;İl Bazlı;Elazığ;Doğu Anadolu;Elazığ Eğitim Merkezi;04.01.2027 09:00;04.01.2027 16:00;1;EGT-0002;MES-0006;25;Planlandı;
EĞT-0027;Haberleşme Eğitimi;Haberleşme;Uluslararası;Diyarbakır;Güneydoğu Anadolu;Diyarbakır Koordinasyon Merkezi;21.06.2026 10:00;23.06.2026 17:00;3;EGT-0003;MES-0007;40;Tamamlandı;
EĞT-0028;Enkazda Arama ve Kurtarma Temel Eğitimi;Arama ve Kurtarma;Uluslararası;İzmir;Ege;İzmir AFAD Salonu;25.11.2026 10:00;28.11.2026 17:00;4;EGT-0004;MES-0002;40;Planlandı;
EĞT-0029;Yangın Farkındalık Eğitimi;Yangın;Bölge Bazlı;Adıyaman;Güneydoğu Anadolu;Adıyaman AFAD Salonu;04.09.2026 09:00;05.09.2026 16:00;2;EGT-0003;MES-0007;20;Planlandı;
EĞT-0030;Afet Farkındalık Eğitimi;Afet;İl Bazlı;Amasya;Karadeniz;Amasya Koordinasyon Merkezi;10.02.2026 13:00;11.02.2026 20:00;2;EGT-0010;MES-0005;40;Tamamlandı;
EĞT-0032;Kentsel Arama Kurtarma Seviye 1 Eğitimi;Kentsel Arama Kurtarma 1;İl Bazlı;Kocaeli;Marmara;Kocaeli Saha Eğitim Alanı;01.03.2026 09:00;02.03.2026 17:00;2;EGT-0001;MES-0001;25;Tamamlandı;
EĞT-0033;Kentsel Arama Kurtarma Seviye 2 Eğitimi;Kentsel Arama Kurtarma 2;Bölge Bazlı;Sivas;İç Anadolu;Sivas AFAD Salonu;13.03.2026 09:00;15.03.2026 17:00;3;EGT-0002;MES-0004;30;Tamamlandı;
EĞT-0034;Kentsel Arama Kurtarma Seviye 3 Eğitimi;Kentsel Arama Kurtarma 3;Ulusal;Mersin;Akdeniz;Mersin Koordinasyon Merkezi;25.03.2026 09:00;28.03.2026 17:00;4;EGT-0003;MES-0003;35;Tamamlandı;
EĞT-0035;Kentsel Arama Kurtarma Seviye 4 Eğitimi;Kentsel Arama Kurtarma 4;İl Bazlı;Kayseri;İç Anadolu;Kayseri Eğitim Merkezi;06.04.2026 09:00;10.04.2026 17:00;5;EGT-0004;MES-0004;40;Tamamlandı;
EĞT-0036;Kentsel Arama Kurtarma Seviye 5 Eğitimi;Kentsel Arama Kurtarma 5;Bölge Bazlı;Trabzon;Karadeniz;Trabzon Eğitim Merkezi;18.04.2026 09:00;22.04.2026 17:00;5;EGT-0005;MES-0005;45;Tamamlandı;
EĞT-0037;Su Arama Kurtarma Seviye 1 Eğitimi;Su Arama Kurtarma 1;İl Bazlı;Ordu;Karadeniz;Ordu Saha Eğitim Alanı;30.04.2026 09:00;01.05.2026 17:00;2;EGT-0006;MES-0005;25;Tamamlandı;
EĞT-0038;Su Arama Kurtarma Seviye 2 Eğitimi;Su Arama Kurtarma 2;Bölge Bazlı;İstanbul;Marmara;İstanbul AFAD Salonu;12.05.2026 09:00;14.05.2026 17:00;3;EGT-0007;MES-0001;30;Tamamlandı;
EĞT-0039;Su Arama Kurtarma Seviye 3 Eğitimi;Su Arama Kurtarma 3;Ulusal;Aydın;Ege;Aydın AFAD Salonu;24.05.2026 09:00;27.05.2026 17:00;4;EGT-0008;MES-0002;35;Tamamlandı;
EĞT-0040;Su Arama Kurtarma Seviye 4 Eğitimi;Su Arama Kurtarma 4;İl Bazlı;Eskişehir;İç Anadolu;Eskişehir Eğitim Merkezi;05.06.2026 09:00;09.06.2026 17:00;5;EGT-0009;MES-0004;40;Tamamlandı;
EĞT-0041;Su Arama Kurtarma Seviye 5 Eğitimi;Su Arama Kurtarma 5;Bölge Bazlı;Van;Doğu Anadolu;Van Saha Eğitim Alanı;17.06.2026 09:00;21.06.2026 17:00;5;EGT-0010;MES-0006;45;Tamamlandı;
EĞT-0042;Doğada Arama Kurtarma Seviye 1 Eğitimi;Doğada Arama Kurtarma 1;İl Bazlı;Rize;Karadeniz;Rize AFAD Salonu;29.06.2026 09:00;30.06.2026 17:00;2;EGT-0011;MES-0005;25;Tamamlandı;
EĞT-0043;Doğada Arama Kurtarma Seviye 2 Eğitimi;Doğada Arama Kurtarma 2;Bölge Bazlı;Van;Doğu Anadolu;Van Saha Eğitim Alanı;11.07.2026 09:00;13.07.2026 17:00;3;EGT-0012;MES-0006;30;Tamamlandı;
EĞT-0044;Doğada Arama Kurtarma Seviye 3 Eğitimi;Doğada Arama Kurtarma 3;Ulusal;Eskişehir;İç Anadolu;Eskişehir AFAD Salonu;23.07.2026 09:00;26.07.2026 17:00;4;EGT-0001;MES-0004;35;Planlandı;
EĞT-0045;Doğada Arama Kurtarma Seviye 4 Eğitimi;Doğada Arama Kurtarma 4;İl Bazlı;Diyarbakır;Güneydoğu Anadolu;Diyarbakır AFAD Salonu;04.08.2026 09:00;08.08.2026 17:00;5;EGT-0002;MES-0007;40;Planlandı;
EĞT-0046;Doğada Arama Kurtarma Seviye 5 Eğitimi;Doğada Arama Kurtarma 5;Bölge Bazlı;Balıkesir;Marmara;Balıkesir Koordinasyon Merkezi;16.08.2026 09:00;20.08.2026 17:00;5;EGT-0003;MES-0001;45;Planlandı;

Kayıt ID;Eğitim ID;Eğitmen ID;Rol;
TEG-0001;EĞT-0001;EGT-0004;Baş Eğitmen;
TEG-0002;EĞT-0002;EGT-0003;Baş Eğitmen;
TEG-0003;EĞT-0003;EGT-0010;Baş Eğitmen;
TEG-0004;EĞT-0004;EGT-0010;Baş Eğitmen;
TEG-0005;EĞT-0005;EGT-0010;Baş Eğitmen;
TEG-0006;EĞT-0006;EGT-0012;Baş Eğitmen;
TEG-0007;EĞT-0007;EGT-0007;Baş Eğitmen;
TEG-0008;EĞT-0008;EGT-0012;Baş Eğitmen;
TEG-0009;EĞT-0009;EGT-0006;Baş Eğitmen;
TEG-0010;EĞT-0010;EGT-0011;Baş Eğitmen;
TEG-0011;EĞT-0011;EGT-0005;Baş Eğitmen;
TEG-0012;EĞT-0012;EGT-0006;Baş Eğitmen;
TEG-0013;EĞT-0013;EGT-0003;Baş Eğitmen;
TEG-0014;EĞT-0014;EGT-0006;Baş Eğitmen;
TEG-0015;EĞT-0015;EGT-0003;Baş Eğitmen;
TEG-0016;EĞT-0016;EGT-0006;Baş Eğitmen;
TEG-0017;EĞT-0017;EGT-0002;Baş Eğitmen;
TEG-0018;EĞT-0018;EGT-0005;Baş Eğitmen;
TEG-0019;EĞT-0019;EGT-0006;Baş Eğitmen;
TEG-0020;EĞT-0020;EGT-0006;Baş Eğitmen;
TEG-0021;EĞT-0021;EGT-0004;Baş Eğitmen;
TEG-0022;EĞT-0022;EGT-0005;Baş Eğitmen;
TEG-0023;EĞT-0023;EGT-0006;Baş Eğitmen;
TEG-0024;EĞT-0024;EGT-0005;Baş Eğitmen;
TEG-0025;EĞT-0025;EGT-0010;Baş Eğitmen;
TEG-0026;EĞT-0026;EGT-0002;Baş Eğitmen;
TEG-0027;EĞT-0027;EGT-0003;Baş Eğitmen;
TEG-0028;EĞT-0028;EGT-0004;Baş Eğitmen;
TEG-0029;EĞT-0029;EGT-0003;Baş Eğitmen;
TEG-0030;EĞT-0030;EGT-0010;Baş Eğitmen;
TEG-0032;EĞT-0032;EGT-0001;Baş Eğitmen;
TEG-0033;EĞT-0033;EGT-0002;Baş Eğitmen;
TEG-0034;EĞT-0034;EGT-0003;Baş Eğitmen;
TEG-0035;EĞT-0035;EGT-0004;Baş Eğitmen;
TEG-0036;EĞT-0036;EGT-0005;Baş Eğitmen;
TEG-0037;EĞT-0037;EGT-0006;Baş Eğitmen;
TEG-0038;EĞT-0038;EGT-0007;Baş Eğitmen;
TEG-0039;EĞT-0039;EGT-0008;Baş Eğitmen;
TEG-0040;EĞT-0040;EGT-0009;Baş Eğitmen;
TEG-0041;EĞT-0041;EGT-0010;Baş Eğitmen;
TEG-0042;EĞT-0042;EGT-0011;Baş Eğitmen;
TEG-0043;EĞT-0043;EGT-0012;Baş Eğitmen;
TEG-0044;EĞT-0044;EGT-0001;Baş Eğitmen;
TEG-0045;EĞT-0045;EGT-0002;Baş Eğitmen;
TEG-0046;EĞT-0046;EGT-0003;Baş Eğitmen;

Katılım ID;Eğitim ID;Gönüllü ID;Katılımcı Ad Soyad;Katılım Durumu;Katılım Yüzdesi;
KAT-0001;EĞT-0001;GNL-0062;Mehmet Aksoy;Tam Katılım;83;
KAT-0002;EĞT-0001;GNL-0041;Selin Polat;Tam Katılım;91;
KAT-0003;EĞT-0001;GNL-0071;Hakan Aslan;Kısmi Katılım;61;
KAT-0004;EĞT-0001;GNL-0044;Ayşe Çelik;Kısmi Katılım;47;
KAT-0005;EĞT-0001;GNL-0045;Can Aksoy;Tam Katılım;96;
KAT-0006;EĞT-0001;GNL-0047;Umut Şahin;Kısmi Katılım;41;
KAT-0007;EĞT-0001;GNL-0066;Barış Kaya;Tam Katılım;76;
KAT-0008;EĞT-0001;GNL-0049;Ece Öztürk;Tam Katılım;82;
KAT-0009;EĞT-0001;GNL-0035;Zeynep Polat;Tam Katılım;96;
KAT-0010;EĞT-0001;GNL-0043;Nazlı Doğan;Tam Katılım;83;
KAT-0011;EĞT-0001;GNL-0012;Elif Kara;Tam Katılım;88;
KAT-0012;EĞT-0001;GNL-0027;Nazlı Kara;Tam Katılım;84;
KAT-0013;EĞT-0001;GNL-0068;Buse Aydın;Tam Katılım;85;
KAT-0014;EĞT-0001;GNL-0046;Barış Yıldız;Tam Katılım;92;
KAT-0015;EĞT-0001;GNL-0008;Ayşe Aydın;Katılmadı;0;
KAT-0016;EĞT-0001;GNL-0025;Furkan Şahin;Tam Katılım;81;
KAT-0017;EĞT-0002;GNL-0010;Hakan Doğan;Tam Katılım;95;
KAT-0018;EĞT-0002;GNL-0037;Onur Aslan;Tam Katılım;88;
KAT-0019;EĞT-0002;GNL-0057;Emre Doğan;Tam Katılım;77;
KAT-0020;EĞT-0002;GNL-0069;Elif Çelik;Tam Katılım;100;
KAT-0021;EĞT-0002;GNL-0043;Nazlı Doğan;Tam Katılım;93;
KAT-0022;EĞT-0002;GNL-0021;Burak Öztürk;Kısmi Katılım;47;
KAT-0023;EĞT-0002;GNL-0017;Pelin Aydın;Tam Katılım;83;
KAT-0024;EĞT-0002;GNL-0060;Ceren Aydın;Tam Katılım;88;
KAT-0025;EĞT-0002;GNL-0016;Ece Doğan;Tam Katılım;97;
KAT-0026;EĞT-0002;GNL-0026;Pelin Şahin;Tam Katılım;95;
KAT-0027;EĞT-0002;GNL-0009;Selin Aslan;Kısmi Katılım;24;
KAT-0028;EĞT-0002;GNL-0080;Buse Kaya;Tam Katılım;96;
KAT-0029;EĞT-0002;GNL-0051;Melis Çetin;Tam Katılım;79;
KAT-0030;EĞT-0002;GNL-0040;Selin Özdemir;Tam Katılım;86;
KAT-0031;EĞT-0002;GNL-0050;Hakan Özdemir;Tam Katılım;90;
KAT-0032;EĞT-0003;GNL-0012;Elif Kara;Tam Katılım;92;
KAT-0033;EĞT-0003;GNL-0024;Melis Yılmaz;Tam Katılım;89;
KAT-0034;EĞT-0003;GNL-0003;Seda Kara;Tam Katılım;76;
KAT-0035;EĞT-0003;GNL-0037;Onur Aslan;Tam Katılım;96;
KAT-0036;EĞT-0003;GNL-0060;Ceren Aydın;Tam Katılım;98;
KAT-0037;EĞT-0003;GNL-0025;Furkan Şahin;Tam Katılım;81;
KAT-0038;EĞT-0003;GNL-0028;Hakan Şahin;Tam Katılım;91;
KAT-0039;EĞT-0003;GNL-0057;Emre Doğan;Tam Katılım;86;
KAT-0040;EĞT-0003;GNL-0059;Tuğçe Doğan;Tam Katılım;98;
KAT-0041;EĞT-0003;GNL-0063;Derya Kaya;Tam Katılım;90;
KAT-0042;EĞT-0003;GNL-0071;Hakan Aslan;Tam Katılım;75;
KAT-0043;EĞT-0003;GNL-0039;Furkan Kurt;Tam Katılım;92;
KAT-0044;EĞT-0004;GNL-0041;Selin Polat;Tam Katılım;77;
KAT-0045;EĞT-0004;GNL-0002;Mert Yıldız;Tam Katılım;76;
KAT-0046;EĞT-0004;GNL-0005;Aslı Yıldız;Tam Katılım;99;
KAT-0047;EĞT-0004;GNL-0032;Selin Aslan;Tam Katılım;82;
KAT-0048;EĞT-0004;GNL-0019;Melis Öztürk;Tam Katılım;81;
KAT-0049;EĞT-0004;GNL-0080;Buse Kaya;Tam Katılım;88;
KAT-0050;EĞT-0004;GNL-0059;Tuğçe Doğan;Katılmadı;0;
KAT-0051;EĞT-0004;GNL-0006;Cem Şahin;Tam Katılım;100;
KAT-0052;EĞT-0004;GNL-0020;Zeynep Kaya;Tam Katılım;82;
KAT-0053;EĞT-0004;GNL-0013;Mert Aksoy;Tam Katılım;80;
KAT-0054;EĞT-0004;GNL-0021;Burak Öztürk;Tam Katılım;75;
KAT-0055;EĞT-0004;GNL-0004;Umut Doğan;Tam Katılım;79;
KAT-0056;EĞT-0004;GNL-0060;Ceren Aydın;Tam Katılım;89;
KAT-0057;EĞT-0004;GNL-0071;Hakan Aslan;Tam Katılım;82;
KAT-0058;EĞT-0004;GNL-0039;Furkan Kurt;Katılmadı;0;
KAT-0059;EĞT-0004;GNL-0077;Can Şahin;Tam Katılım;75;
KAT-0060;EĞT-0004;GNL-0073;Pelin Yılmaz;Tam Katılım;100;
KAT-0061;EĞT-0004;GNL-0044;Ayşe Çelik;Tam Katılım;89;
KAT-0062;EĞT-0004;GNL-0046;Barış Yıldız;Tam Katılım;84;
KAT-0063;EĞT-0004;GNL-0038;Ayşe Kılıç;Tam Katılım;76;
KAT-0064;EĞT-0004;GNL-0007;Elif Çelik;Tam Katılım;84;
KAT-0065;EĞT-0004;GNL-0009;Selin Aslan;Tam Katılım;96;
KAT-0066;EĞT-0004;GNL-0065;Aslı Polat;Tam Katılım;94;
KAT-0067;EĞT-0004;GNL-0037;Onur Aslan;Kısmi Katılım;45;
KAT-0068;EĞT-0005;GNL-0006;Cem Şahin;Tam Katılım;77;
KAT-0069;EĞT-0005;GNL-0010;Hakan Doğan;Tam Katılım;75;
KAT-0070;EĞT-0005;GNL-0027;Nazlı Kara;Tam Katılım;100;
KAT-0071;EĞT-0005;GNL-0019;Melis Öztürk;Tam Katılım;77;
KAT-0072;EĞT-0005;GNL-0073;Pelin Yılmaz;Tam Katılım;83;
KAT-0073;EĞT-0005;GNL-0042;Elif Çetin;Tam Katılım;89;
KAT-0074;EĞT-0005;GNL-0076;Elif Şimşek;Tam Katılım;88;
KAT-0075;EĞT-0005;GNL-0020;Zeynep Kaya;Tam Katılım;82;
KAT-0076;EĞT-0005;GNL-0034;Onur Aydın;Tam Katılım;96;
KAT-0077;EĞT-0005;GNL-0071;Hakan Aslan;Tam Katılım;75;
KAT-0078;EĞT-0006;GNL-0040;Selin Özdemir;Tam Katılım;93;
KAT-0079;EĞT-0006;GNL-0070;Pelin Aksoy;Tam Katılım;100;
KAT-0080;EĞT-0006;GNL-0024;Melis Yılmaz;Tam Katılım;85;
KAT-0081;EĞT-0006;GNL-0021;Burak Öztürk;Tam Katılım;83;
KAT-0082;EĞT-0006;GNL-0025;Furkan Şahin;Katılmadı;0;
KAT-0083;EĞT-0006;GNL-0055;İrem Çelik;Tam Katılım;87;
KAT-0084;EĞT-0006;GNL-0022;Elif Çetin;Tam Katılım;90;
KAT-0085;EĞT-0006;GNL-0046;Barış Yıldız;Katılmadı;0;
KAT-0086;EĞT-0006;GNL-0032;Selin Aslan;Katılmadı;0;
KAT-0087;EĞT-0006;GNL-0030;Hakan Çetin;Tam Katılım;97;
KAT-0088;EĞT-0006;GNL-0037;Onur Aslan;Tam Katılım;85;
KAT-0089;EĞT-0006;GNL-0050;Hakan Özdemir;Tam Katılım;92;
KAT-0090;EĞT-0006;GNL-0005;Aslı Yıldız;Tam Katılım;96;
KAT-0091;EĞT-0006;GNL-0059;Tuğçe Doğan;Tam Katılım;77;
KAT-0092;EĞT-0006;GNL-0048;Mert Polat;Tam Katılım;86;
KAT-0093;EĞT-0006;GNL-0066;Barış Kaya;Tam Katılım;93;
KAT-0094;EĞT-0007;GNL-0042;Elif Çetin;Kısmi Katılım;53;
KAT-0095;EĞT-0007;GNL-0049;Ece Öztürk;Tam Katılım;92;
KAT-0096;EĞT-0007;GNL-0040;Selin Özdemir;Tam Katılım;93;
KAT-0097;EĞT-0007;GNL-0067;Emre Öztürk;Tam Katılım;93;
KAT-0098;EĞT-0007;GNL-0063;Derya Kaya;Tam Katılım;79;
KAT-0099;EĞT-0007;GNL-0033;Ece Özdemir;Kısmi Katılım;35;
KAT-0100;EĞT-0007;GNL-0032;Selin Aslan;Tam Katılım;87;
KAT-0101;EĞT-0007;GNL-0070;Pelin Aksoy;Tam Katılım;100;
KAT-0102;EĞT-0007;GNL-0027;Nazlı Kara;Tam Katılım;95;
KAT-0103;EĞT-0007;GNL-0056;Umut Şahin;Tam Katılım;83;
KAT-0104;EĞT-0007;GNL-0046;Barış Yıldız;Tam Katılım;89;
KAT-0105;EĞT-0007;GNL-0077;Can Şahin;Tam Katılım;76;
KAT-0106;EĞT-0007;GNL-0078;Mert Kara;Tam Katılım;82;
KAT-0107;EĞT-0007;GNL-0066;Barış Kaya;Kısmi Katılım;68;
KAT-0108;EĞT-0007;GNL-0074;Ayşe Özdemir;Tam Katılım;86;
KAT-0109;EĞT-0007;GNL-0058;Melis Kılıç;Tam Katılım;77;
KAT-0110;EĞT-0007;GNL-0050;Hakan Özdemir;Tam Katılım;95;
KAT-0111;EĞT-0007;GNL-0080;Buse Kaya;Tam Katılım;88;
KAT-0112;EĞT-0007;GNL-0018;Derya Aksoy;Tam Katılım;93;
KAT-0113;EĞT-0007;GNL-0015;Furkan Öztürk;Kısmi Katılım;24;
KAT-0114;EĞT-0007;GNL-0053;Tolga Kurt;Tam Katılım;92;
KAT-0115;EĞT-0007;GNL-0030;Hakan Çetin;Tam Katılım;77;
KAT-0116;EĞT-0007;GNL-0024;Melis Yılmaz;Tam Katılım;81;
KAT-0117;EĞT-0007;GNL-0023;İrem Aslan;Tam Katılım;83;
KAT-0118;EĞT-0007;GNL-0035;Zeynep Polat;Tam Katılım;90;
KAT-0119;EĞT-0008;GNL-0019;Melis Öztürk;Kısmi Katılım;48;
KAT-0120;EĞT-0008;GNL-0007;Elif Çelik;Tam Katılım;95;
KAT-0121;EĞT-0008;GNL-0022;Elif Çetin;Katılmadı;0;
KAT-0122;EĞT-0008;GNL-0026;Pelin Şahin;Tam Katılım;88;
KAT-0123;EĞT-0008;GNL-0031;Hakan Yıldız;Tam Katılım;85;
KAT-0124;EĞT-0008;GNL-0051;Melis Çetin;Kısmi Katılım;73;
KAT-0125;EĞT-0008;GNL-0071;Hakan Aslan;Kısmi Katılım;64;
KAT-0126;EĞT-0008;GNL-0076;Elif Şimşek;Kısmi Katılım;71;
KAT-0127;EĞT-0008;GNL-0009;Selin Aslan;Tam Katılım;94;
KAT-0128;EĞT-0008;GNL-0050;Hakan Özdemir;Tam Katılım;83;
KAT-0129;EĞT-0008;GNL-0035;Zeynep Polat;Tam Katılım;76;
KAT-0130;EĞT-0008;GNL-0064;Hakan Aslan;Tam Katılım;75;
KAT-0131;EĞT-0008;GNL-0077;Can Şahin;Tam Katılım;98;
KAT-0132;EĞT-0008;GNL-0005;Aslı Yıldız;Kısmi Katılım;53;
KAT-0133;EĞT-0008;GNL-0016;Ece Doğan;Tam Katılım;98;
KAT-0134;EĞT-0008;GNL-0021;Burak Öztürk;Tam Katılım;83;
KAT-0135;EĞT-0008;GNL-0027;Nazlı Kara;Tam Katılım;89;
KAT-0136;EĞT-0008;GNL-0004;Umut Doğan;Tam Katılım;100;
KAT-0137;EĞT-0008;GNL-0033;Ece Özdemir;Tam Katılım;93;
KAT-0138;EĞT-0008;GNL-0074;Ayşe Özdemir;Tam Katılım;78;
KAT-0139;EĞT-0008;GNL-0056;Umut Şahin;Tam Katılım;98;
KAT-0140;EĞT-0009;GNL-0063;Derya Kaya;Tam Katılım;78;
KAT-0141;EĞT-0009;GNL-0023;İrem Aslan;Tam Katılım;78;
KAT-0142;EĞT-0009;GNL-0019;Melis Öztürk;Tam Katılım;81;
KAT-0143;EĞT-0009;GNL-0010;Hakan Doğan;Tam Katılım;94;
KAT-0144;EĞT-0009;GNL-0039;Furkan Kurt;Tam Katılım;99;
KAT-0145;EĞT-0009;GNL-0055;İrem Çelik;Tam Katılım;87;
KAT-0146;EĞT-0009;GNL-0072;Emre Özdemir;Tam Katılım;93;
KAT-0147;EĞT-0009;GNL-0069;Elif Çelik;Tam Katılım;91;
KAT-0148;EĞT-0009;GNL-0078;Mert Kara;Tam Katılım;84;
KAT-0149;EĞT-0009;GNL-0030;Hakan Çetin;Katılmadı;0;
KAT-0150;EĞT-0009;GNL-0043;Nazlı Doğan;Kısmi Katılım;63;
KAT-0151;EĞT-0009;GNL-0024;Melis Yılmaz;Tam Katılım;90;
KAT-0152;EĞT-0009;GNL-0064;Hakan Aslan;Tam Katılım;90;
KAT-0153;EĞT-0009;GNL-0032;Selin Aslan;Tam Katılım;97;
KAT-0154;EĞT-0009;GNL-0074;Ayşe Özdemir;Kısmi Katılım;73;
KAT-0155;EĞT-0009;GNL-0017;Pelin Aydın;Tam Katılım;80;
KAT-0156;EĞT-0009;GNL-0007;Elif Çelik;Tam Katılım;77;
KAT-0157;EĞT-0009;GNL-0004;Umut Doğan;Tam Katılım;100;
KAT-0158;EĞT-0009;GNL-0020;Zeynep Kaya;Tam Katılım;78;
KAT-0159;EĞT-0009;GNL-0073;Pelin Yılmaz;Tam Katılım;78;
KAT-0160;EĞT-0009;GNL-0016;Ece Doğan;Tam Katılım;87;
KAT-0161;EĞT-0009;GNL-0009;Selin Aslan;Tam Katılım;92;
KAT-0162;EĞT-0009;GNL-0076;Elif Şimşek;Tam Katılım;90;
KAT-0163;EĞT-0009;GNL-0046;Barış Yıldız;Tam Katılım;84;
KAT-0164;EĞT-0009;GNL-0033;Ece Özdemir;Tam Katılım;91;
KAT-0165;EĞT-0009;GNL-0036;Ayşe Şimşek;Tam Katılım;78;
KAT-0166;EĞT-0009;GNL-0031;Hakan Yıldız;Tam Katılım;76;
KAT-0167;EĞT-0009;GNL-0022;Elif Çetin;Tam Katılım;76;
KAT-0168;EĞT-0009;GNL-0035;Zeynep Polat;Tam Katılım;88;
KAT-0169;EĞT-0010;GNL-0058;Melis Kılıç;Kısmi Katılım;67;
KAT-0170;EĞT-0010;GNL-0057;Emre Doğan;Kısmi Katılım;65;
KAT-0171;EĞT-0010;GNL-0006;Cem Şahin;Tam Katılım;80;
KAT-0172;EĞT-0010;GNL-0002;Mert Yıldız;Tam Katılım;100;
KAT-0173;EĞT-0010;GNL-0026;Pelin Şahin;Tam Katılım;82;
KAT-0174;EĞT-0010;GNL-0036;Ayşe Şimşek;Tam Katılım;83;
KAT-0175;EĞT-0010;GNL-0004;Umut Doğan;Tam Katılım;96;
KAT-0176;EĞT-0010;GNL-0038;Ayşe Kılıç;Tam Katılım;77;
KAT-0177;EĞT-0010;GNL-0056;Umut Şahin;Tam Katılım;98;
KAT-0178;EĞT-0010;GNL-0050;Hakan Özdemir;Tam Katılım;94;
KAT-0179;EĞT-0010;GNL-0016;Ece Doğan;Tam Katılım;96;
KAT-0180;EĞT-0010;GNL-0066;Barış Kaya;Kısmi Katılım;28;
KAT-0181;EĞT-0010;GNL-0001;Tolga Öztürk;Tam Katılım;76;
KAT-0182;EĞT-0010;GNL-0005;Aslı Yıldız;Tam Katılım;97;
KAT-0183;EĞT-0010;GNL-0034;Onur Aydın;Tam Katılım;85;
KAT-0184;EĞT-0010;GNL-0030;Hakan Çetin;Kısmi Katılım;51;
KAT-0185;EĞT-0010;GNL-0071;Hakan Aslan;Tam Katılım;80;
KAT-0186;EĞT-0010;GNL-0021;Burak Öztürk;Tam Katılım;96;
KAT-0187;EĞT-0010;GNL-0015;Furkan Öztürk;Tam Katılım;82;
KAT-0188;EĞT-0010;GNL-0043;Nazlı Doğan;Kısmi Katılım;37;
KAT-0189;EĞT-0010;GNL-0018;Derya Aksoy;Tam Katılım;87;
KAT-0190;EĞT-0010;GNL-0065;Aslı Polat;Tam Katılım;76;
KAT-0191;EĞT-0010;GNL-0069;Elif Çelik;Tam Katılım;76;
KAT-0192;EĞT-0010;GNL-0078;Mert Kara;Tam Katılım;100;
KAT-0193;EĞT-0010;GNL-0027;Nazlı Kara;Tam Katılım;79;
KAT-0194;EĞT-0011;GNL-0058;Melis Kılıç;Tam Katılım;88;
KAT-0195;EĞT-0011;GNL-0005;Aslı Yıldız;Kısmi Katılım;50;
KAT-0196;EĞT-0011;GNL-0039;Furkan Kurt;Tam Katılım;84;
KAT-0197;EĞT-0011;GNL-0006;Cem Şahin;Tam Katılım;91;
KAT-0198;EĞT-0011;GNL-0041;Selin Polat;Tam Katılım;96;
KAT-0199;EĞT-0011;GNL-0066;Barış Kaya;Tam Katılım;79;
KAT-0200;EĞT-0011;GNL-0010;Hakan Doğan;Tam Katılım;76;
KAT-0201;EĞT-0011;GNL-0043;Nazlı Doğan;Tam Katılım;88;
KAT-0202;EĞT-0011;GNL-0012;Elif Kara;Tam Katılım;93;
KAT-0203;EĞT-0011;GNL-0059;Tuğçe Doğan;Tam Katılım;81;
KAT-0204;EĞT-0011;GNL-0028;Hakan Şahin;Tam Katılım;84;
KAT-0205;EĞT-0011;GNL-0080;Buse Kaya;Katılmadı;0;
KAT-0206;EĞT-0011;GNL-0065;Aslı Polat;Tam Katılım;89;
KAT-0207;EĞT-0011;GNL-0073;Pelin Yılmaz;Tam Katılım;99;
KAT-0208;EĞT-0011;GNL-0048;Mert Polat;Tam Katılım;95;
KAT-0209;EĞT-0011;GNL-0050;Hakan Özdemir;Tam Katılım;77;
KAT-0210;EĞT-0011;GNL-0072;Emre Özdemir;Tam Katılım;81;
KAT-0211;EĞT-0011;GNL-0074;Ayşe Özdemir;Kısmi Katılım;34;
KAT-0212;EĞT-0012;GNL-0045;Can Aksoy;Katılmadı;0;
KAT-0213;EĞT-0012;GNL-0059;Tuğçe Doğan;Tam Katılım;80;
KAT-0214;EĞT-0012;GNL-0077;Can Şahin;Tam Katılım;94;
KAT-0215;EĞT-0012;GNL-0032;Selin Aslan;Kısmi Katılım;63;
KAT-0216;EĞT-0012;GNL-0053;Tolga Kurt;Kısmi Katılım;67;
KAT-0217;EĞT-0012;GNL-0067;Emre Öztürk;Katılmadı;0;
KAT-0218;EĞT-0012;GNL-0040;Selin Özdemir;Tam Katılım;86;
KAT-0219;EĞT-0012;GNL-0041;Selin Polat;Tam Katılım;98;
KAT-0220;EĞT-0012;GNL-0048;Mert Polat;Tam Katılım;82;
KAT-0221;EĞT-0012;GNL-0042;Elif Çetin;Tam Katılım;80;
KAT-0222;EĞT-0012;GNL-0038;Ayşe Kılıç;Tam Katılım;76;
KAT-0223;EĞT-0012;GNL-0025;Furkan Şahin;Tam Katılım;75;
KAT-0224;EĞT-0012;GNL-0070;Pelin Aksoy;Tam Katılım;87;
KAT-0225;EĞT-0012;GNL-0078;Mert Kara;Tam Katılım;99;
KAT-0226;EĞT-0012;GNL-0060;Ceren Aydın;Katılmadı;0;
KAT-0227;EĞT-0012;GNL-0019;Melis Öztürk;Tam Katılım;87;
KAT-0228;EĞT-0012;GNL-0015;Furkan Öztürk;Katılmadı;0;
KAT-0229;EĞT-0013;GNL-0040;Selin Özdemir;Katılmadı;0;
KAT-0230;EĞT-0013;GNL-0010;Hakan Doğan;Kısmi Katılım;31;
KAT-0231;EĞT-0013;GNL-0034;Onur Aydın;Kısmi Katılım;50;
KAT-0232;EĞT-0013;GNL-0065;Aslı Polat;Tam Katılım;82;
KAT-0233;EĞT-0013;GNL-0046;Barış Yıldız;Tam Katılım;75;
KAT-0234;EĞT-0013;GNL-0035;Zeynep Polat;Kısmi Katılım;22;
KAT-0235;EĞT-0013;GNL-0038;Ayşe Kılıç;Tam Katılım;76;
KAT-0236;EĞT-0013;GNL-0042;Elif Çetin;Tam Katılım;79;
KAT-0237;EĞT-0013;GNL-0048;Mert Polat;Tam Katılım;98;
KAT-0238;EĞT-0013;GNL-0021;Burak Öztürk;Kısmi Katılım;58;
KAT-0239;EĞT-0013;GNL-0057;Emre Doğan;Tam Katılım;86;
KAT-0240;EĞT-0013;GNL-0009;Selin Aslan;Tam Katılım;96;
KAT-0241;EĞT-0013;GNL-0015;Furkan Öztürk;Tam Katılım;97;
KAT-0242;EĞT-0013;GNL-0073;Pelin Yılmaz;Tam Katılım;91;
KAT-0243;EĞT-0013;GNL-0066;Barış Kaya;Tam Katılım;95;
KAT-0244;EĞT-0013;GNL-0053;Tolga Kurt;Tam Katılım;75;
KAT-0245;EĞT-0013;GNL-0071;Hakan Aslan;Katılmadı;0;
KAT-0246;EĞT-0013;GNL-0004;Umut Doğan;Kısmi Katılım;63;
KAT-0247;EĞT-0013;GNL-0080;Buse Kaya;Tam Katılım;92;
KAT-0248;EĞT-0013;GNL-0059;Tuğçe Doğan;Tam Katılım;98;
KAT-0249;EĞT-0013;GNL-0043;Nazlı Doğan;Tam Katılım;84;
KAT-0250;EĞT-0013;GNL-0070;Pelin Aksoy;Tam Katılım;94;
KAT-0251;EĞT-0013;GNL-0067;Emre Öztürk;Tam Katılım;95;
KAT-0252;EĞT-0013;GNL-0045;Can Aksoy;Tam Katılım;99;
KAT-0253;EĞT-0013;GNL-0078;Mert Kara;Tam Katılım;85;
KAT-0254;EĞT-0013;GNL-0032;Selin Aslan;Tam Katılım;85;
KAT-0255;EĞT-0013;GNL-0069;Elif Çelik;Tam Katılım;98;
KAT-0256;EĞT-0013;GNL-0058;Melis Kılıç;Tam Katılım;86;
KAT-0257;EĞT-0014;GNL-0047;Umut Şahin;Tam Katılım;96;
KAT-0258;EĞT-0014;GNL-0055;İrem Çelik;Tam Katılım;77;
KAT-0259;EĞT-0014;GNL-0069;Elif Çelik;Kısmi Katılım;46;
KAT-0260;EĞT-0014;GNL-0037;Onur Aslan;Tam Katılım;90;
KAT-0261;EĞT-0014;GNL-0013;Mert Aksoy;Kısmi Katılım;58;
KAT-0262;EĞT-0014;GNL-0004;Umut Doğan;Tam Katılım;92;
KAT-0263;EĞT-0014;GNL-0060;Ceren Aydın;Tam Katılım;88;
KAT-0264;EĞT-0014;GNL-0057;Emre Doğan;Kısmi Katılım;56;
KAT-0265;EĞT-0014;GNL-0066;Barış Kaya;Tam Katılım;86;
KAT-0266;EĞT-0014;GNL-0007;Elif Çelik;Tam Katılım;91;
KAT-0267;EĞT-0014;GNL-0076;Elif Şimşek;Tam Katılım;88;
KAT-0268;EĞT-0014;GNL-0056;Umut Şahin;Tam Katılım;87;
KAT-0269;EĞT-0014;GNL-0068;Buse Aydın;Tam Katılım;100;
KAT-0270;EĞT-0014;GNL-0031;Hakan Yıldız;Tam Katılım;92;
KAT-0271;EĞT-0015;GNL-0013;Mert Aksoy;Tam Katılım;85;
KAT-0272;EĞT-0015;GNL-0073;Pelin Yılmaz;Tam Katılım;96;
KAT-0273;EĞT-0015;GNL-0032;Selin Aslan;Tam Katılım;78;
KAT-0274;EĞT-0015;GNL-0042;Elif Çetin;Kısmi Katılım;34;
KAT-0275;EĞT-0015;GNL-0080;Buse Kaya;Tam Katılım;91;
KAT-0276;EĞT-0015;GNL-0062;Mehmet Aksoy;Tam Katılım;75;
KAT-0277;EĞT-0015;GNL-0040;Selin Özdemir;Tam Katılım;80;
KAT-0278;EĞT-0015;GNL-0068;Buse Aydın;Tam Katılım;75;
KAT-0279;EĞT-0015;GNL-0028;Hakan Şahin;Tam Katılım;82;
KAT-0280;EĞT-0015;GNL-0056;Umut Şahin;Tam Katılım;80;
KAT-0281;EĞT-0015;GNL-0059;Tuğçe Doğan;Katılmadı;0;
KAT-0282;EĞT-0015;GNL-0060;Ceren Aydın;Tam Katılım;91;
KAT-0283;EĞT-0015;GNL-0067;Emre Öztürk;Tam Katılım;99;
KAT-0284;EĞT-0015;GNL-0017;Pelin Aydın;Tam Katılım;99;
KAT-0285;EĞT-0015;GNL-0016;Ece Doğan;Tam Katılım;81;
KAT-0286;EĞT-0015;GNL-0001;Tolga Öztürk;Tam Katılım;91;
KAT-0287;EĞT-0015;GNL-0048;Mert Polat;Tam Katılım;77;
KAT-0288;EĞT-0015;GNL-0070;Pelin Aksoy;Tam Katılım;94;
KAT-0289;EĞT-0015;GNL-0046;Barış Yıldız;Tam Katılım;79;
KAT-0290;EĞT-0015;GNL-0033;Ece Özdemir;Kısmi Katılım;23;
KAT-0291;EĞT-0015;GNL-0020;Zeynep Kaya;Tam Katılım;83;
KAT-0292;EĞT-0015;GNL-0012;Elif Kara;Kısmi Katılım;42;
KAT-0293;EĞT-0015;GNL-0053;Tolga Kurt;Tam Katılım;82;
KAT-0294;EĞT-0015;GNL-0007;Elif Çelik;Tam Katılım;75;
KAT-0295;EĞT-0015;GNL-0064;Hakan Aslan;Tam Katılım;81;
KAT-0296;EĞT-0015;GNL-0047;Umut Şahin;Tam Katılım;80;
KAT-0297;EĞT-0015;GNL-0078;Mert Kara;Tam Katılım;88;
KAT-0298;EĞT-0015;GNL-0021;Burak Öztürk;Tam Katılım;91;
KAT-0299;EĞT-0016;GNL-0069;Elif Çelik;Tam Katılım;85;
KAT-0300;EĞT-0016;GNL-0025;Furkan Şahin;Tam Katılım;100;
KAT-0301;EĞT-0016;GNL-0041;Selin Polat;Tam Katılım;91;
KAT-0302;EĞT-0016;GNL-0063;Derya Kaya;Kısmi Katılım;39;
KAT-0303;EĞT-0016;GNL-0071;Hakan Aslan;Tam Katılım;82;
KAT-0304;EĞT-0016;GNL-0042;Elif Çetin;Tam Katılım;82;
KAT-0305;EĞT-0016;GNL-0018;Derya Aksoy;Tam Katılım;77;
KAT-0306;EĞT-0016;GNL-0070;Pelin Aksoy;Tam Katılım;79;
KAT-0307;EĞT-0016;GNL-0065;Aslı Polat;Tam Katılım;97;
KAT-0308;EĞT-0016;GNL-0050;Hakan Özdemir;Tam Katılım;82;
KAT-0309;EĞT-0016;GNL-0066;Barış Kaya;Tam Katılım;93;
KAT-0310;EĞT-0016;GNL-0013;Mert Aksoy;Kısmi Katılım;45;
KAT-0311;EĞT-0016;GNL-0058;Melis Kılıç;Tam Katılım;95;
KAT-0312;EĞT-0016;GNL-0067;Emre Öztürk;Tam Katılım;84;
KAT-0313;EĞT-0016;GNL-0027;Nazlı Kara;Tam Katılım;88;
KAT-0314;EĞT-0017;GNL-0043;Nazlı Doğan;Tam Katılım;97;
KAT-0315;EĞT-0017;GNL-0034;Onur Aydın;Tam Katılım;84;
KAT-0316;EĞT-0017;GNL-0047;Umut Şahin;Tam Katılım;86;
KAT-0317;EĞT-0017;GNL-0060;Ceren Aydın;Tam Katılım;78;
KAT-0318;EĞT-0017;GNL-0058;Melis Kılıç;Kısmi Katılım;21;
KAT-0319;EĞT-0017;GNL-0019;Melis Öztürk;Tam Katılım;96;
KAT-0320;EĞT-0017;GNL-0010;Hakan Doğan;Katılmadı;0;
KAT-0321;EĞT-0017;GNL-0032;Selin Aslan;Tam Katılım;80;
KAT-0322;EĞT-0017;GNL-0059;Tuğçe Doğan;Tam Katılım;80;
KAT-0323;EĞT-0017;GNL-0069;Elif Çelik;Tam Katılım;91;
KAT-0324;EĞT-0017;GNL-0056;Umut Şahin;Tam Katılım;83;
KAT-0325;EĞT-0017;GNL-0026;Pelin Şahin;Tam Katılım;91;
KAT-0326;EĞT-0017;GNL-0038;Ayşe Kılıç;Tam Katılım;95;
KAT-0327;EĞT-0017;GNL-0068;Buse Aydın;Tam Katılım;100;
KAT-0328;EĞT-0017;GNL-0036;Ayşe Şimşek;Tam Katılım;96;
KAT-0329;EĞT-0017;GNL-0070;Pelin Aksoy;Tam Katılım;80;
KAT-0330;EĞT-0017;GNL-0078;Mert Kara;Tam Katılım;82;
KAT-0331;EĞT-0017;GNL-0044;Ayşe Çelik;Tam Katılım;90;
KAT-0332;EĞT-0017;GNL-0020;Zeynep Kaya;Tam Katılım;88;
KAT-0333;EĞT-0017;GNL-0037;Onur Aslan;Tam Katılım;81;
KAT-0334;EĞT-0017;GNL-0009;Selin Aslan;Tam Katılım;80;
KAT-0335;EĞT-0018;GNL-0080;Buse Kaya;Tam Katılım;100;
KAT-0336;EĞT-0018;GNL-0048;Mert Polat;Tam Katılım;77;
KAT-0337;EĞT-0018;GNL-0074;Ayşe Özdemir;Tam Katılım;76;
KAT-0338;EĞT-0018;GNL-0064;Hakan Aslan;Tam Katılım;91;
KAT-0339;EĞT-0018;GNL-0023;İrem Aslan;Tam Katılım;92;
KAT-0340;EĞT-0018;GNL-0062;Mehmet Aksoy;Kısmi Katılım;44;
KAT-0341;EĞT-0018;GNL-0024;Melis Yılmaz;Tam Katılım;99;
KAT-0342;EĞT-0018;GNL-0021;Burak Öztürk;Kısmi Katılım;35;
KAT-0343;EĞT-0018;GNL-0040;Selin Özdemir;Tam Katılım;100;
KAT-0344;EĞT-0018;GNL-0022;Elif Çetin;Tam Katılım;94;
KAT-0345;EĞT-0018;GNL-0035;Zeynep Polat;Kısmi Katılım;23;
KAT-0346;EĞT-0018;GNL-0010;Hakan Doğan;Tam Katılım;76;
KAT-0347;EĞT-0019;GNL-0032;Selin Aslan;Tam Katılım;88;
KAT-0348;EĞT-0019;GNL-0056;Umut Şahin;Tam Katılım;86;
KAT-0349;EĞT-0019;GNL-0017;Pelin Aydın;Kısmi Katılım;25;
KAT-0350;EĞT-0019;GNL-0003;Seda Kara;Tam Katılım;75;
KAT-0351;EĞT-0019;GNL-0041;Selin Polat;Tam Katılım;98;
KAT-0352;EĞT-0019;GNL-0005;Aslı Yıldız;Tam Katılım;93;
KAT-0353;EĞT-0019;GNL-0077;Can Şahin;Tam Katılım;79;
KAT-0354;EĞT-0019;GNL-0007;Elif Çelik;Kısmi Katılım;72;
KAT-0355;EĞT-0019;GNL-0035;Zeynep Polat;Kısmi Katılım;45;
KAT-0356;EĞT-0019;GNL-0051;Melis Çetin;Tam Katılım;96;
KAT-0357;EĞT-0019;GNL-0027;Nazlı Kara;Tam Katılım;79;
KAT-0358;EĞT-0019;GNL-0026;Pelin Şahin;Tam Katılım;83;
KAT-0359;EĞT-0019;GNL-0065;Aslı Polat;Tam Katılım;98;
KAT-0360;EĞT-0019;GNL-0063;Derya Kaya;Tam Katılım;90;
KAT-0361;EĞT-0019;GNL-0067;Emre Öztürk;Tam Katılım;75;
KAT-0362;EĞT-0019;GNL-0066;Barış Kaya;Tam Katılım;91;
KAT-0363;EĞT-0019;GNL-0080;Buse Kaya;Tam Katılım;87;
KAT-0364;EĞT-0019;GNL-0006;Cem Şahin;Tam Katılım;80;
KAT-0365;EĞT-0019;GNL-0055;İrem Çelik;Kısmi Katılım;66;
KAT-0366;EĞT-0019;GNL-0013;Mert Aksoy;Tam Katılım;75;
KAT-0367;EĞT-0019;GNL-0031;Hakan Yıldız;Katılmadı;0;
KAT-0368;EĞT-0019;GNL-0010;Hakan Doğan;Tam Katılım;80;
KAT-0369;EĞT-0019;GNL-0068;Buse Aydın;Tam Katılım;77;
KAT-0370;EĞT-0019;GNL-0023;İrem Aslan;Tam Katılım;84;
KAT-0371;EĞT-0019;GNL-0078;Mert Kara;Tam Katılım;95;
KAT-0372;EĞT-0019;GNL-0037;Onur Aslan;Tam Katılım;91;
KAT-0373;EĞT-0019;GNL-0073;Pelin Yılmaz;Tam Katılım;78;
KAT-0374;EĞT-0020;GNL-0051;Melis Çetin;Kısmi Katılım;72;
KAT-0375;EĞT-0020;GNL-0072;Emre Özdemir;Tam Katılım;79;
KAT-0376;EĞT-0020;GNL-0017;Pelin Aydın;Tam Katılım;91;
KAT-0377;EĞT-0020;GNL-0027;Nazlı Kara;Tam Katılım;94;
KAT-0378;EĞT-0020;GNL-0025;Furkan Şahin;Tam Katılım;76;
KAT-0379;EĞT-0020;GNL-0049;Ece Öztürk;Tam Katılım;83;
KAT-0380;EĞT-0020;GNL-0045;Can Aksoy;Tam Katılım;88;
KAT-0381;EĞT-0020;GNL-0047;Umut Şahin;Tam Katılım;97;
KAT-0382;EĞT-0020;GNL-0067;Emre Öztürk;Tam Katılım;84;
KAT-0383;EĞT-0020;GNL-0033;Ece Özdemir;Tam Katılım;88;
KAT-0384;EĞT-0020;GNL-0078;Mert Kara;Tam Katılım;81;
KAT-0385;EĞT-0020;GNL-0037;Onur Aslan;Tam Katılım;90;
KAT-0386;EĞT-0020;GNL-0066;Barış Kaya;Tam Katılım;100;
KAT-0387;EĞT-0020;GNL-0010;Hakan Doğan;Kısmi Katılım;27;
KAT-0388;EĞT-0020;GNL-0040;Selin Özdemir;Tam Katılım;92;
KAT-0389;EĞT-0020;GNL-0076;Elif Şimşek;Tam Katılım;78;
KAT-0390;EĞT-0020;GNL-0039;Furkan Kurt;Tam Katılım;96;
KAT-0391;EĞT-0021;GNL-0041;Selin Polat;Kısmi Katılım;63;
KAT-0392;EĞT-0021;GNL-0050;Hakan Özdemir;Tam Katılım;100;
KAT-0393;EĞT-0021;GNL-0024;Melis Yılmaz;Tam Katılım;87;
KAT-0394;EĞT-0021;GNL-0072;Emre Özdemir;Tam Katılım;83;
KAT-0395;EĞT-0021;GNL-0007;Elif Çelik;Tam Katılım;81;
KAT-0396;EĞT-0021;GNL-0016;Ece Doğan;Kısmi Katılım;41;
KAT-0397;EĞT-0021;GNL-0004;Umut Doğan;Tam Katılım;96;
KAT-0398;EĞT-0021;GNL-0025;Furkan Şahin;Tam Katılım;96;
KAT-0399;EĞT-0021;GNL-0018;Derya Aksoy;Tam Katılım;94;
KAT-0400;EĞT-0021;GNL-0047;Umut Şahin;Tam Katılım;81;
KAT-0401;EĞT-0021;GNL-0073;Pelin Yılmaz;Tam Katılım;98;
KAT-0402;EĞT-0021;GNL-0030;Hakan Çetin;Tam Katılım;81;
KAT-0403;EĞT-0021;GNL-0002;Mert Yıldız;Tam Katılım;75;
KAT-0404;EĞT-0021;GNL-0069;Elif Çelik;Tam Katılım;76;
KAT-0405;EĞT-0021;GNL-0001;Tolga Öztürk;Tam Katılım;85;
KAT-0406;EĞT-0021;GNL-0015;Furkan Öztürk;Tam Katılım;76;
KAT-0407;EĞT-0021;GNL-0053;Tolga Kurt;Tam Katılım;82;
KAT-0408;EĞT-0021;GNL-0043;Nazlı Doğan;Tam Katılım;82;
KAT-0409;EĞT-0021;GNL-0071;Hakan Aslan;Tam Katılım;76;
KAT-0410;EĞT-0021;GNL-0059;Tuğçe Doğan;Tam Katılım;90;
KAT-0411;EĞT-0021;GNL-0056;Umut Şahin;Tam Katılım;82;
KAT-0412;EĞT-0021;GNL-0068;Buse Aydın;Tam Katılım;75;
KAT-0413;EĞT-0021;GNL-0022;Elif Çetin;Tam Katılım;83;
KAT-0414;EĞT-0022;GNL-0057;Emre Doğan;Tam Katılım;76;
KAT-0415;EĞT-0022;GNL-0045;Can Aksoy;Katılmadı;0;
KAT-0416;EĞT-0022;GNL-0048;Mert Polat;Tam Katılım;94;
KAT-0417;EĞT-0022;GNL-0034;Onur Aydın;Tam Katılım;75;
KAT-0418;EĞT-0022;GNL-0032;Selin Aslan;Kısmi Katılım;51;
KAT-0419;EĞT-0022;GNL-0002;Mert Yıldız;Tam Katılım;99;
KAT-0420;EĞT-0022;GNL-0068;Buse Aydın;Tam Katılım;82;
KAT-0421;EĞT-0022;GNL-0053;Tolga Kurt;Tam Katılım;90;
KAT-0422;EĞT-0022;GNL-0040;Selin Özdemir;Tam Katılım;100;
KAT-0423;EĞT-0022;GNL-0067;Emre Öztürk;Tam Katılım;89;
KAT-0424;EĞT-0022;GNL-0070;Pelin Aksoy;Tam Katılım;83;
KAT-0425;EĞT-0022;GNL-0020;Zeynep Kaya;Tam Katılım;87;
KAT-0426;EĞT-0022;GNL-0059;Tuğçe Doğan;Tam Katılım;76;
KAT-0427;EĞT-0022;GNL-0019;Melis Öztürk;Tam Katılım;89;
KAT-0428;EĞT-0022;GNL-0039;Furkan Kurt;Katılmadı;0;
KAT-0429;EĞT-0022;GNL-0060;Ceren Aydın;Tam Katılım;87;
KAT-0430;EĞT-0022;GNL-0044;Ayşe Çelik;Tam Katılım;85;
KAT-0431;EĞT-0023;GNL-0009;Selin Aslan;Tam Katılım;92;
KAT-0432;EĞT-0023;GNL-0071;Hakan Aslan;Tam Katılım;75;
KAT-0433;EĞT-0023;GNL-0021;Burak Öztürk;Tam Katılım;92;
KAT-0434;EĞT-0023;GNL-0074;Ayşe Özdemir;Kısmi Katılım;65;
KAT-0435;EĞT-0023;GNL-0022;Elif Çetin;Tam Katılım;97;
KAT-0436;EĞT-0023;GNL-0051;Melis Çetin;Tam Katılım;93;
KAT-0437;EĞT-0023;GNL-0080;Buse Kaya;Kısmi Katılım;35;
KAT-0438;EĞT-0023;GNL-0006;Cem Şahin;Tam Katılım;75;
KAT-0439;EĞT-0023;GNL-0076;Elif Şimşek;Tam Katılım;88;
KAT-0440;EĞT-0023;GNL-0057;Emre Doğan;Tam Katılım;94;
KAT-0441;EĞT-0023;GNL-0034;Onur Aydın;Tam Katılım;90;
KAT-0442;EĞT-0023;GNL-0016;Ece Doğan;Kısmi Katılım;33;
KAT-0443;EĞT-0023;GNL-0026;Pelin Şahin;Tam Katılım;100;
KAT-0444;EĞT-0023;GNL-0010;Hakan Doğan;Tam Katılım;90;
KAT-0445;EĞT-0023;GNL-0008;Ayşe Aydın;Tam Katılım;99;
KAT-0446;EĞT-0023;GNL-0030;Hakan Çetin;Tam Katılım;82;
KAT-0447;EĞT-0023;GNL-0067;Emre Öztürk;Kısmi Katılım;24;
KAT-0448;EĞT-0023;GNL-0036;Ayşe Şimşek;Tam Katılım;81;
KAT-0449;EĞT-0023;GNL-0005;Aslı Yıldız;Tam Katılım;76;
KAT-0450;EĞT-0023;GNL-0012;Elif Kara;Tam Katılım;77;
KAT-0451;EĞT-0023;GNL-0027;Nazlı Kara;Tam Katılım;97;
KAT-0452;EĞT-0023;GNL-0064;Hakan Aslan;Katılmadı;0;
KAT-0453;EĞT-0023;GNL-0055;İrem Çelik;Tam Katılım;85;
KAT-0454;EĞT-0023;GNL-0040;Selin Özdemir;Kısmi Katılım;68;
KAT-0455;EĞT-0023;GNL-0019;Melis Öztürk;Tam Katılım;80;
KAT-0456;EĞT-0023;GNL-0070;Pelin Aksoy;Tam Katılım;87;
KAT-0457;EĞT-0024;GNL-0076;Elif Şimşek;Tam Katılım;89;
KAT-0458;EĞT-0024;GNL-0048;Mert Polat;Tam Katılım;95;
KAT-0459;EĞT-0024;GNL-0059;Tuğçe Doğan;Tam Katılım;85;
KAT-0460;EĞT-0024;GNL-0046;Barış Yıldız;Katılmadı;0;
KAT-0461;EĞT-0024;GNL-0074;Ayşe Özdemir;Tam Katılım;84;
KAT-0462;EĞT-0024;GNL-0062;Mehmet Aksoy;Tam Katılım;85;
KAT-0463;EĞT-0024;GNL-0035;Zeynep Polat;Tam Katılım;84;
KAT-0464;EĞT-0024;GNL-0065;Aslı Polat;Tam Katılım;100;
KAT-0465;EĞT-0024;GNL-0002;Mert Yıldız;Kısmi Katılım;44;
KAT-0466;EĞT-0024;GNL-0004;Umut Doğan;Tam Katılım;99;
KAT-0467;EĞT-0024;GNL-0053;Tolga Kurt;Katılmadı;0;
KAT-0468;EĞT-0024;GNL-0078;Mert Kara;Tam Katılım;93;
KAT-0469;EĞT-0024;GNL-0067;Emre Öztürk;Kısmi Katılım;36;
KAT-0470;EĞT-0024;GNL-0070;Pelin Aksoy;Kısmi Katılım;46;
KAT-0471;EĞT-0024;GNL-0040;Selin Özdemir;Tam Katılım;82;
KAT-0472;EĞT-0024;GNL-0045;Can Aksoy;Tam Katılım;85;
KAT-0473;EĞT-0024;GNL-0042;Elif Çetin;Tam Katılım;91;
KAT-0474;EĞT-0024;GNL-0057;Emre Doğan;Tam Katılım;99;
KAT-0475;EĞT-0024;GNL-0021;Burak Öztürk;Tam Katılım;75;
KAT-0476;EĞT-0024;GNL-0018;Derya Aksoy;Tam Katılım;79;
KAT-0477;EĞT-0024;GNL-0013;Mert Aksoy;Tam Katılım;98;
KAT-0478;EĞT-0024;GNL-0050;Hakan Özdemir;Tam Katılım;93;
KAT-0479;EĞT-0024;GNL-0032;Selin Aslan;Tam Katılım;99;
KAT-0480;EĞT-0024;GNL-0023;İrem Aslan;Tam Katılım;79;
KAT-0481;EĞT-0024;GNL-0036;Ayşe Şimşek;Tam Katılım;87;
KAT-0482;EĞT-0024;GNL-0017;Pelin Aydın;Katılmadı;0;
KAT-0483;EĞT-0025;GNL-0010;Hakan Doğan;Tam Katılım;85;
KAT-0484;EĞT-0025;GNL-0064;Hakan Aslan;Tam Katılım;79;
KAT-0485;EĞT-0025;GNL-0070;Pelin Aksoy;Tam Katılım;76;
KAT-0486;EĞT-0025;GNL-0001;Tolga Öztürk;Tam Katılım;80;
KAT-0487;EĞT-0025;GNL-0020;Zeynep Kaya;Tam Katılım;97;
KAT-0488;EĞT-0025;GNL-0013;Mert Aksoy;Tam Katılım;75;
KAT-0489;EĞT-0025;GNL-0043;Nazlı Doğan;Tam Katılım;90;
KAT-0490;EĞT-0025;GNL-0066;Barış Kaya;Tam Katılım;89;
KAT-0491;EĞT-0025;GNL-0053;Tolga Kurt;Tam Katılım;92;
KAT-0492;EĞT-0025;GNL-0048;Mert Polat;Kısmi Katılım;25;
KAT-0493;EĞT-0025;GNL-0067;Emre Öztürk;Tam Katılım;80;
KAT-0494;EĞT-0025;GNL-0015;Furkan Öztürk;Tam Katılım;76;
KAT-0495;EĞT-0025;GNL-0059;Tuğçe Doğan;Tam Katılım;78;
KAT-0496;EĞT-0025;GNL-0036;Ayşe Şimşek;Tam Katılım;95;
KAT-0497;EĞT-0025;GNL-0039;Furkan Kurt;Tam Katılım;94;
KAT-0498;EĞT-0025;GNL-0058;Melis Kılıç;Tam Katılım;87;
KAT-0499;EĞT-0025;GNL-0046;Barış Yıldız;Tam Katılım;97;
KAT-0500;EĞT-0025;GNL-0033;Ece Özdemir;Kısmi Katılım;58;
KAT-0501;EĞT-0026;GNL-0016;Ece Doğan;Katılmadı;0;
KAT-0502;EĞT-0026;GNL-0064;Hakan Aslan;Tam Katılım;82;
KAT-0503;EĞT-0026;GNL-0028;Hakan Şahin;Tam Katılım;75;
KAT-0504;EĞT-0026;GNL-0072;Emre Özdemir;Tam Katılım;89;
KAT-0505;EĞT-0026;GNL-0007;Elif Çelik;Tam Katılım;98;
KAT-0506;EĞT-0026;GNL-0073;Pelin Yılmaz;Tam Katılım;100;
KAT-0507;EĞT-0026;GNL-0078;Mert Kara;Tam Katılım;92;
KAT-0508;EĞT-0026;GNL-0059;Tuğçe Doğan;Tam Katılım;93;
KAT-0509;EĞT-0026;GNL-0003;Seda Kara;Kısmi Katılım;29;
KAT-0510;EĞT-0026;GNL-0033;Ece Özdemir;Tam Katılım;88;
KAT-0511;EĞT-0026;GNL-0080;Buse Kaya;Kısmi Katılım;53;
KAT-0512;EĞT-0026;GNL-0048;Mert Polat;Tam Katılım;81;
KAT-0513;EĞT-0026;GNL-0005;Aslı Yıldız;Tam Katılım;75;
KAT-0514;EĞT-0026;GNL-0026;Pelin Şahin;Kısmi Katılım;52;
KAT-0515;EĞT-0026;GNL-0039;Furkan Kurt;Tam Katılım;96;
KAT-0516;EĞT-0026;GNL-0065;Aslı Polat;Tam Katılım;83;
KAT-0517;EĞT-0026;GNL-0077;Can Şahin;Katılmadı;0;
KAT-0518;EĞT-0026;GNL-0045;Can Aksoy;Tam Katılım;98;
KAT-0519;EĞT-0026;GNL-0006;Cem Şahin;Tam Katılım;85;
KAT-0520;EĞT-0026;GNL-0041;Selin Polat;Tam Katılım;75;
KAT-0521;EĞT-0027;GNL-0073;Pelin Yılmaz;Tam Katılım;95;
KAT-0522;EĞT-0027;GNL-0010;Hakan Doğan;Tam Katılım;88;
KAT-0523;EĞT-0027;GNL-0067;Emre Öztürk;Tam Katılım;76;
KAT-0524;EĞT-0027;GNL-0053;Tolga Kurt;Tam Katılım;81;
KAT-0525;EĞT-0027;GNL-0046;Barış Yıldız;Tam Katılım;81;
KAT-0526;EĞT-0027;GNL-0072;Emre Özdemir;Tam Katılım;97;
KAT-0527;EĞT-0027;GNL-0048;Mert Polat;Tam Katılım;78;
KAT-0528;EĞT-0027;GNL-0078;Mert Kara;Tam Katılım;94;
KAT-0529;EĞT-0027;GNL-0036;Ayşe Şimşek;Tam Katılım;85;
KAT-0530;EĞT-0027;GNL-0042;Elif Çetin;Tam Katılım;99;
KAT-0531;EĞT-0027;GNL-0070;Pelin Aksoy;Tam Katılım;93;
KAT-0532;EĞT-0027;GNL-0043;Nazlı Doğan;Tam Katılım;77;
KAT-0533;EĞT-0027;GNL-0040;Selin Özdemir;Tam Katılım;93;
KAT-0534;EĞT-0027;GNL-0049;Ece Öztürk;Tam Katılım;94;
KAT-0535;EĞT-0027;GNL-0080;Buse Kaya;Tam Katılım;76;
KAT-0536;EĞT-0027;GNL-0018;Derya Aksoy;Katılmadı;0;
KAT-0537;EĞT-0027;GNL-0013;Mert Aksoy;Tam Katılım;100;
KAT-0538;EĞT-0027;GNL-0032;Selin Aslan;Tam Katılım;84;
KAT-0539;EĞT-0027;GNL-0050;Hakan Özdemir;Tam Katılım;95;
KAT-0540;EĞT-0027;GNL-0059;Tuğçe Doğan;Tam Katılım;80;
KAT-0541;EĞT-0027;GNL-0027;Nazlı Kara;Kısmi Katılım;20;
KAT-0542;EĞT-0027;GNL-0062;Mehmet Aksoy;Tam Katılım;86;
KAT-0543;EĞT-0027;GNL-0066;Barış Kaya;Tam Katılım;89;
KAT-0544;EĞT-0027;GNL-0002;Mert Yıldız;Tam Katılım;93;
KAT-0545;EĞT-0027;GNL-0025;Furkan Şahin;Tam Katılım;86;
KAT-0546;EĞT-0027;GNL-0057;Emre Doğan;Tam Katılım;86;
KAT-0547;EĞT-0027;GNL-0033;Ece Özdemir;Tam Katılım;76;
KAT-0548;EĞT-0027;GNL-0008;Ayşe Aydın;Tam Katılım;88;
KAT-0549;EĞT-0027;GNL-0001;Tolga Öztürk;Tam Katılım;89;
KAT-0550;EĞT-0028;GNL-0026;Pelin Şahin;Tam Katılım;80;
KAT-0551;EĞT-0028;GNL-0016;Ece Doğan;Tam Katılım;85;
KAT-0552;EĞT-0028;GNL-0024;Melis Yılmaz;Tam Katılım;89;
KAT-0553;EĞT-0028;GNL-0078;Mert Kara;Tam Katılım;96;
KAT-0554;EĞT-0028;GNL-0031;Hakan Yıldız;Tam Katılım;77;
KAT-0555;EĞT-0028;GNL-0039;Furkan Kurt;Tam Katılım;91;
KAT-0556;EĞT-0028;GNL-0021;Burak Öztürk;Kısmi Katılım;23;
KAT-0557;EĞT-0028;GNL-0035;Zeynep Polat;Tam Katılım;79;
KAT-0558;EĞT-0028;GNL-0001;Tolga Öztürk;Tam Katılım;100;
KAT-0559;EĞT-0028;GNL-0055;İrem Çelik;Kısmi Katılım;44;
KAT-0560;EĞT-0028;GNL-0017;Pelin Aydın;Kısmi Katılım;51;
KAT-0561;EĞT-0028;GNL-0062;Mehmet Aksoy;Tam Katılım;100;
KAT-0562;EĞT-0028;GNL-0063;Derya Kaya;Tam Katılım;95;
KAT-0563;EĞT-0028;GNL-0023;İrem Aslan;Tam Katılım;96;
KAT-0564;EĞT-0028;GNL-0064;Hakan Aslan;Tam Katılım;93;
KAT-0565;EĞT-0028;GNL-0022;Elif Çetin;Tam Katılım;100;
KAT-0566;EĞT-0028;GNL-0049;Ece Öztürk;Tam Katılım;87;
KAT-0567;EĞT-0028;GNL-0046;Barış Yıldız;Tam Katılım;93;
KAT-0568;EĞT-0028;GNL-0060;Ceren Aydın;Tam Katılım;98;
KAT-0569;EĞT-0028;GNL-0045;Can Aksoy;Kısmi Katılım;47;
KAT-0570;EĞT-0028;GNL-0028;Hakan Şahin;Tam Katılım;89;
KAT-0571;EĞT-0028;GNL-0009;Selin Aslan;Tam Katılım;77;
KAT-0572;EĞT-0028;GNL-0007;Elif Çelik;Tam Katılım;77;
KAT-0573;EĞT-0028;GNL-0030;Hakan Çetin;Tam Katılım;92;
KAT-0574;EĞT-0028;GNL-0072;Emre Özdemir;Tam Katılım;96;
KAT-0575;EĞT-0028;GNL-0067;Emre Öztürk;Tam Katılım;91;
KAT-0576;EĞT-0028;GNL-0004;Umut Doğan;Tam Katılım;85;
KAT-0577;EĞT-0029;GNL-0078;Mert Kara;Katılmadı;0;
KAT-0578;EĞT-0029;GNL-0040;Selin Özdemir;Tam Katılım;86;
KAT-0579;EĞT-0029;GNL-0013;Mert Aksoy;Tam Katılım;98;
KAT-0580;EĞT-0029;GNL-0070;Pelin Aksoy;Kısmi Katılım;20;
KAT-0581;EĞT-0029;GNL-0068;Buse Aydın;Tam Katılım;78;
KAT-0582;EĞT-0029;GNL-0020;Zeynep Kaya;Tam Katılım;97;
KAT-0583;EĞT-0029;GNL-0046;Barış Yıldız;Tam Katılım;95;
KAT-0584;EĞT-0029;GNL-0048;Mert Polat;Tam Katılım;78;
KAT-0585;EĞT-0029;GNL-0067;Emre Öztürk;Tam Katılım;89;
KAT-0586;EĞT-0029;GNL-0038;Ayşe Kılıç;Tam Katılım;83;
KAT-0587;EĞT-0029;GNL-0027;Nazlı Kara;Tam Katılım;91;
KAT-0588;EĞT-0029;GNL-0025;Furkan Şahin;Tam Katılım;94;
KAT-0589;EĞT-0029;GNL-0022;Elif Çetin;Katılmadı;0;
KAT-0590;EĞT-0029;GNL-0065;Aslı Polat;Tam Katılım;96;
KAT-0591;EĞT-0029;GNL-0053;Tolga Kurt;Tam Katılım;78;
KAT-0592;EĞT-0029;GNL-0080;Buse Kaya;Tam Katılım;80;
KAT-0593;EĞT-0029;GNL-0060;Ceren Aydın;Tam Katılım;89;
KAT-0594;EĞT-0030;GNL-0038;Ayşe Kılıç;Tam Katılım;95;
KAT-0595;EĞT-0030;GNL-0027;Nazlı Kara;Tam Katılım;100;
KAT-0596;EĞT-0030;GNL-0064;Hakan Aslan;Tam Katılım;96;
KAT-0597;EĞT-0030;GNL-0066;Barış Kaya;Tam Katılım;87;
KAT-0598;EĞT-0030;GNL-0004;Umut Doğan;Tam Katılım;91;
KAT-0599;EĞT-0030;GNL-0023;İrem Aslan;Tam Katılım;90;
KAT-0600;EĞT-0030;GNL-0047;Umut Şahin;Tam Katılım;85;
KAT-0601;EĞT-0030;GNL-0021;Burak Öztürk;Tam Katılım;93;
KAT-0602;EĞT-0030;GNL-0070;Pelin Aksoy;Tam Katılım;77;
KAT-0603;EĞT-0030;GNL-0025;Furkan Şahin;Tam Katılım;85;
KAT-0604;EĞT-0030;GNL-0062;Mehmet Aksoy;Tam Katılım;96;
KAT-0605;EĞT-0030;GNL-0024;Melis Yılmaz;Tam Katılım;90;
KAT-0606;EĞT-0030;GNL-0008;Ayşe Aydın;Kısmi Katılım;41;
KAT-0607;EĞT-0030;GNL-0033;Ece Özdemir;Tam Katılım;85;
KAT-0608;EĞT-0032;GNL-0026;Pelin Şahin;Tam Katılım;84;
KAT-0609;EĞT-0032;GNL-0071;Hakan Aslan;Tam Katılım;87;
KAT-0610;EĞT-0032;GNL-0031;Hakan Yıldız;Tam Katılım;82;
KAT-0611;EĞT-0032;GNL-0033;Ece Özdemir;Tam Katılım;90;
KAT-0612;EĞT-0032;GNL-0017;Pelin Aydın;Tam Katılım;87;
KAT-0613;EĞT-0032;GNL-0058;Melis Kılıç;Tam Katılım;83;
KAT-0614;EĞT-0032;GNL-0062;Mehmet Aksoy;Tam Katılım;92;
KAT-0615;EĞT-0032;GNL-0016;Ece Doğan;Katılmadı;0;
KAT-0616;EĞT-0032;GNL-0004;Umut Doğan;Tam Katılım;94;
KAT-0617;EĞT-0032;GNL-0028;Hakan Şahin;Tam Katılım;89;
KAT-0618;EĞT-0032;GNL-0046;Barış Yıldız;Tam Katılım;90;
KAT-0619;EĞT-0032;GNL-0047;Umut Şahin;Tam Katılım;92;
KAT-0620;EĞT-0032;GNL-0023;İrem Aslan;Tam Katılım;95;
KAT-0621;EĞT-0032;GNL-0021;Burak Öztürk;Kısmi Katılım;41;
KAT-0622;EĞT-0033;GNL-0002;Mert Yıldız;Tam Katılım;97;
KAT-0623;EĞT-0033;GNL-0078;Mert Kara;Tam Katılım;96;
KAT-0624;EĞT-0033;GNL-0007;Elif Çelik;Tam Katılım;90;
KAT-0625;EĞT-0033;GNL-0064;Hakan Aslan;Tam Katılım;83;
KAT-0626;EĞT-0033;GNL-0017;Pelin Aydın;Tam Katılım;97;
KAT-0627;EĞT-0033;GNL-0019;Melis Öztürk;Tam Katılım;96;
KAT-0628;EĞT-0033;GNL-0074;Ayşe Özdemir;Tam Katılım;93;
KAT-0629;EĞT-0033;GNL-0035;Zeynep Polat;Tam Katılım;99;
KAT-0630;EĞT-0033;GNL-0073;Pelin Yılmaz;Tam Katılım;90;
KAT-0631;EĞT-0033;GNL-0058;Melis Kılıç;Tam Katılım;93;
KAT-0632;EĞT-0033;GNL-0037;Onur Aslan;Tam Katılım;92;
KAT-0633;EĞT-0033;GNL-0071;Hakan Aslan;Tam Katılım;92;
KAT-0634;EĞT-0033;GNL-0015;Furkan Öztürk;Tam Katılım;87;
KAT-0635;EĞT-0034;GNL-0002;Mert Yıldız;Tam Katılım;92;
KAT-0636;EĞT-0034;GNL-0023;İrem Aslan;Tam Katılım;81;
KAT-0637;EĞT-0034;GNL-0021;Burak Öztürk;Tam Katılım;80;
KAT-0638;EĞT-0034;GNL-0026;Pelin Şahin;Tam Katılım;90;
KAT-0639;EĞT-0034;GNL-0028;Hakan Şahin;Tam Katılım;91;
KAT-0640;EĞT-0034;GNL-0013;Mert Aksoy;Tam Katılım;92;
KAT-0641;EĞT-0034;GNL-0066;Barış Kaya;Tam Katılım;91;
KAT-0642;EĞT-0034;GNL-0059;Tuğçe Doğan;Tam Katılım;95;
KAT-0643;EĞT-0034;GNL-0008;Ayşe Aydın;Tam Katılım;98;
KAT-0644;EĞT-0034;GNL-0035;Zeynep Polat;Tam Katılım;94;
KAT-0645;EĞT-0034;GNL-0072;Emre Özdemir;Tam Katılım;87;
KAT-0646;EĞT-0034;GNL-0019;Melis Öztürk;Tam Katılım;83;
KAT-0647;EĞT-0035;GNL-0080;Buse Kaya;Kısmi Katılım;52;
KAT-0648;EĞT-0035;GNL-0078;Mert Kara;Tam Katılım;99;
KAT-0649;EĞT-0035;GNL-0038;Ayşe Kılıç;Tam Katılım;92;
KAT-0650;EĞT-0035;GNL-0068;Buse Aydın;Tam Katılım;94;
KAT-0651;EĞT-0035;GNL-0013;Mert Aksoy;Kısmi Katılım;58;
KAT-0652;EĞT-0035;GNL-0043;Nazlı Doğan;Katılmadı;0;
KAT-0653;EĞT-0035;GNL-0065;Aslı Polat;Tam Katılım;90;
KAT-0654;EĞT-0035;GNL-0027;Nazlı Kara;Tam Katılım;94;
KAT-0655;EĞT-0035;GNL-0010;Hakan Doğan;Tam Katılım;87;
KAT-0656;EĞT-0035;GNL-0015;Furkan Öztürk;Tam Katılım;81;
KAT-0657;EĞT-0035;GNL-0030;Hakan Çetin;Tam Katılım;86;
KAT-0658;EĞT-0036;GNL-0046;Barış Yıldız;Katılmadı;0;
KAT-0659;EĞT-0036;GNL-0015;Furkan Öztürk;Tam Katılım;100;
KAT-0660;EĞT-0036;GNL-0006;Cem Şahin;Tam Katılım;92;
KAT-0661;EĞT-0036;GNL-0074;Ayşe Özdemir;Tam Katılım;97;
KAT-0662;EĞT-0036;GNL-0067;Emre Öztürk;Tam Katılım;82;
KAT-0663;EĞT-0036;GNL-0078;Mert Kara;Tam Katılım;93;
KAT-0664;EĞT-0036;GNL-0009;Selin Aslan;Kısmi Katılım;74;
KAT-0665;EĞT-0036;GNL-0057;Emre Doğan;Tam Katılım;100;
KAT-0666;EĞT-0036;GNL-0002;Mert Yıldız;Tam Katılım;80;
KAT-0667;EĞT-0036;GNL-0076;Elif Şimşek;Tam Katılım;95;
KAT-0668;EĞT-0037;GNL-0057;Emre Doğan;Tam Katılım;98;
KAT-0669;EĞT-0037;GNL-0047;Umut Şahin;Tam Katılım;100;
KAT-0670;EĞT-0037;GNL-0028;Hakan Şahin;Katılmadı;0;
KAT-0671;EĞT-0037;GNL-0046;Barış Yıldız;Tam Katılım;94;
KAT-0672;EĞT-0037;GNL-0012;Elif Kara;Tam Katılım;99;
KAT-0673;EĞT-0037;GNL-0004;Umut Doğan;Tam Katılım;83;
KAT-0674;EĞT-0037;GNL-0072;Emre Özdemir;Katılmadı;0;
KAT-0675;EĞT-0037;GNL-0066;Barış Kaya;Tam Katılım;86;
KAT-0676;EĞT-0037;GNL-0041;Selin Polat;Tam Katılım;86;
KAT-0677;EĞT-0037;GNL-0050;Hakan Özdemir;Tam Katılım;99;
KAT-0678;EĞT-0037;GNL-0060;Ceren Aydın;Tam Katılım;99;
KAT-0679;EĞT-0037;GNL-0056;Umut Şahin;Tam Katılım;97;
KAT-0680;EĞT-0037;GNL-0062;Mehmet Aksoy;Tam Katılım;91;
KAT-0681;EĞT-0037;GNL-0019;Melis Öztürk;Tam Katılım;97;
KAT-0682;EĞT-0038;GNL-0041;Selin Polat;Tam Katılım;96;
KAT-0683;EĞT-0038;GNL-0021;Burak Öztürk;Kısmi Katılım;53;
KAT-0684;EĞT-0038;GNL-0055;İrem Çelik;Tam Katılım;85;
KAT-0685;EĞT-0038;GNL-0057;Emre Doğan;Tam Katılım;98;
KAT-0686;EĞT-0038;GNL-0002;Mert Yıldız;Tam Katılım;86;
KAT-0687;EĞT-0038;GNL-0004;Umut Doğan;Kısmi Katılım;31;
KAT-0688;EĞT-0038;GNL-0022;Elif Çetin;Tam Katılım;97;
KAT-0689;EĞT-0038;GNL-0062;Mehmet Aksoy;Tam Katılım;81;
KAT-0690;EĞT-0038;GNL-0038;Ayşe Kılıç;Tam Katılım;86;
KAT-0691;EĞT-0038;GNL-0020;Zeynep Kaya;Tam Katılım;94;
KAT-0692;EĞT-0038;GNL-0012;Elif Kara;Tam Katılım;89;
KAT-0693;EĞT-0038;GNL-0051;Melis Çetin;Tam Katılım;94;
KAT-0694;EĞT-0038;GNL-0071;Hakan Aslan;Tam Katılım;96;
KAT-0695;EĞT-0039;GNL-0063;Derya Kaya;Tam Katılım;95;
KAT-0696;EĞT-0039;GNL-0013;Mert Aksoy;Tam Katılım;98;
KAT-0697;EĞT-0039;GNL-0080;Buse Kaya;Kısmi Katılım;43;
KAT-0698;EĞT-0039;GNL-0057;Emre Doğan;Katılmadı;0;
KAT-0699;EĞT-0039;GNL-0009;Selin Aslan;Tam Katılım;82;
KAT-0700;EĞT-0039;GNL-0073;Pelin Yılmaz;Tam Katılım;81;
KAT-0701;EĞT-0039;GNL-0015;Furkan Öztürk;Kısmi Katılım;73;
KAT-0702;EĞT-0039;GNL-0071;Hakan Aslan;Tam Katılım;97;
KAT-0703;EĞT-0039;GNL-0008;Ayşe Aydın;Kısmi Katılım;61;
KAT-0704;EĞT-0039;GNL-0040;Selin Özdemir;Tam Katılım;84;
KAT-0705;EĞT-0039;GNL-0077;Can Şahin;Tam Katılım;88;
KAT-0706;EĞT-0039;GNL-0048;Mert Polat;Katılmadı;0;
KAT-0707;EĞT-0040;GNL-0080;Buse Kaya;Tam Katılım;81;
KAT-0708;EĞT-0040;GNL-0034;Onur Aydın;Kısmi Katılım;49;
KAT-0709;EĞT-0040;GNL-0017;Pelin Aydın;Tam Katılım;99;
KAT-0710;EĞT-0040;GNL-0048;Mert Polat;Tam Katılım;84;
KAT-0711;EĞT-0040;GNL-0010;Hakan Doğan;Tam Katılım;98;
KAT-0712;EĞT-0040;GNL-0063;Derya Kaya;Kısmi Katılım;69;
KAT-0713;EĞT-0040;GNL-0033;Ece Özdemir;Tam Katılım;98;
KAT-0714;EĞT-0040;GNL-0038;Ayşe Kılıç;Tam Katılım;89;
KAT-0715;EĞT-0040;GNL-0074;Ayşe Özdemir;Tam Katılım;90;
KAT-0716;EĞT-0040;GNL-0040;Selin Özdemir;Tam Katılım;98;
KAT-0717;EĞT-0040;GNL-0005;Aslı Yıldız;Tam Katılım;87;
KAT-0718;EĞT-0041;GNL-0013;Mert Aksoy;Tam Katılım;87;
KAT-0719;EĞT-0041;GNL-0065;Aslı Polat;Tam Katılım;88;
KAT-0720;EĞT-0041;GNL-0002;Mert Yıldız;Tam Katılım;93;
KAT-0721;EĞT-0041;GNL-0020;Zeynep Kaya;Kısmi Katılım;65;
KAT-0722;EĞT-0041;GNL-0053;Tolga Kurt;Kısmi Katılım;58;
KAT-0723;EĞT-0041;GNL-0034;Onur Aydın;Kısmi Katılım;72;
KAT-0724;EĞT-0041;GNL-0006;Cem Şahin;Tam Katılım;99;
KAT-0725;EĞT-0041;GNL-0005;Aslı Yıldız;Katılmadı;0;
KAT-0726;EĞT-0041;GNL-0040;Selin Özdemir;Tam Katılım;92;
KAT-0727;EĞT-0041;GNL-0032;Selin Aslan;Katılmadı;0;
KAT-0728;EĞT-0042;GNL-0069;Elif Çelik;Tam Katılım;84;
KAT-0729;EĞT-0042;GNL-0044;Ayşe Çelik;Tam Katılım;88;
KAT-0730;EĞT-0042;GNL-0020;Zeynep Kaya;Tam Katılım;83;
KAT-0731;EĞT-0042;GNL-0070;Pelin Aksoy;Katılmadı;0;
KAT-0732;EĞT-0042;GNL-0005;Aslı Yıldız;Tam Katılım;82;
KAT-0733;EĞT-0042;GNL-0024;Melis Yılmaz;Tam Katılım;88;
KAT-0734;EĞT-0042;GNL-0041;Selin Polat;Tam Katılım;96;
KAT-0735;EĞT-0042;GNL-0012;Elif Kara;Tam Katılım;86;
KAT-0736;EĞT-0042;GNL-0062;Mehmet Aksoy;Kısmi Katılım;49;
KAT-0737;EĞT-0042;GNL-0031;Hakan Yıldız;Tam Katılım;90;
KAT-0738;EĞT-0042;GNL-0074;Ayşe Özdemir;Tam Katılım;93;
KAT-0739;EĞT-0042;GNL-0076;Elif Şimşek;Tam Katılım;96;
KAT-0740;EĞT-0042;GNL-0026;Pelin Şahin;Tam Katılım;84;
KAT-0741;EĞT-0042;GNL-0021;Burak Öztürk;Tam Katılım;97;
KAT-0742;EĞT-0043;GNL-0010;Hakan Doğan;Tam Katılım;86;
KAT-0743;EĞT-0043;GNL-0008;Ayşe Aydın;Tam Katılım;87;
KAT-0744;EĞT-0043;GNL-0038;Ayşe Kılıç;Tam Katılım;81;
KAT-0745;EĞT-0043;GNL-0006;Cem Şahin;Tam Katılım;96;
KAT-0746;EĞT-0043;GNL-0022;Elif Çetin;Tam Katılım;98;
KAT-0747;EĞT-0043;GNL-0066;Barış Kaya;Tam Katılım;99;
KAT-0748;EĞT-0043;GNL-0027;Nazlı Kara;Tam Katılım;87;
KAT-0749;EĞT-0043;GNL-0059;Tuğçe Doğan;Tam Katılım;82;
KAT-0750;EĞT-0043;GNL-0020;Zeynep Kaya;Tam Katılım;86;
KAT-0751;EĞT-0043;GNL-0028;Hakan Şahin;Tam Katılım;87;
KAT-0752;EĞT-0043;GNL-0070;Pelin Aksoy;Katılmadı;0;
KAT-0753;EĞT-0043;GNL-0048;Mert Polat;Tam Katılım;85;
KAT-0754;EĞT-0043;GNL-0004;Umut Doğan;Tam Katılım;93;
KAT-0755;EĞT-0044;GNL-0025;Furkan Şahin;Tam Katılım;91;
KAT-0756;EĞT-0044;GNL-0051;Melis Çetin;Tam Katılım;100;
KAT-0757;EĞT-0044;GNL-0059;Tuğçe Doğan;Katılmadı;0;
KAT-0758;EĞT-0044;GNL-0012;Elif Kara;Tam Katılım;93;
KAT-0759;EĞT-0044;GNL-0056;Umut Şahin;Tam Katılım;84;
KAT-0760;EĞT-0044;GNL-0035;Zeynep Polat;Tam Katılım;98;
KAT-0761;EĞT-0044;GNL-0062;Mehmet Aksoy;Tam Katılım;94;
KAT-0762;EĞT-0044;GNL-0073;Pelin Yılmaz;Tam Katılım;99;
KAT-0763;EĞT-0044;GNL-0016;Ece Doğan;Tam Katılım;99;
KAT-0764;EĞT-0044;GNL-0009;Selin Aslan;Tam Katılım;100;
KAT-0765;EĞT-0044;GNL-0036;Ayşe Şimşek;Tam Katılım;97;
KAT-0766;EĞT-0044;GNL-0013;Mert Aksoy;Tam Katılım;83;
KAT-0767;EĞT-0045;GNL-0053;Tolga Kurt;Tam Katılım;82;
KAT-0768;EĞT-0045;GNL-0068;Buse Aydın;Tam Katılım;88;
KAT-0769;EĞT-0045;GNL-0078;Mert Kara;Tam Katılım;85;
KAT-0770;EĞT-0045;GNL-0048;Mert Polat;Tam Katılım;89;
KAT-0771;EĞT-0045;GNL-0031;Hakan Yıldız;Tam Katılım;82;
KAT-0772;EĞT-0045;GNL-0038;Ayşe Kılıç;Tam Katılım;89;
KAT-0773;EĞT-0045;GNL-0024;Melis Yılmaz;Tam Katılım;89;
KAT-0774;EĞT-0045;GNL-0036;Ayşe Şimşek;Tam Katılım;88;
KAT-0775;EĞT-0045;GNL-0055;İrem Çelik;Tam Katılım;95;
KAT-0776;EĞT-0045;GNL-0010;Hakan Doğan;Tam Katılım;89;
KAT-0777;EĞT-0045;GNL-0077;Can Şahin;Tam Katılım;88;
KAT-0778;EĞT-0046;GNL-0046;Barış Yıldız;Tam Katılım;100;
KAT-0779;EĞT-0046;GNL-0080;Buse Kaya;Tam Katılım;87;
KAT-0780;EĞT-0046;GNL-0040;Selin Özdemir;Tam Katılım;95;
KAT-0781;EĞT-0046;GNL-0007;Elif Çelik;Tam Katılım;90;
KAT-0782;EĞT-0046;GNL-0028;Hakan Şahin;Tam Katılım;95;
KAT-0783;EĞT-0046;GNL-0074;Ayşe Özdemir;Tam Katılım;89;
KAT-0784;EĞT-0046;GNL-0076;Elif Şimşek;Tam Katılım;97;
KAT-0785;EĞT-0046;GNL-0010;Hakan Doğan;Tam Katılım;89;
KAT-0786;EĞT-0046;GNL-0063;Derya Kaya;Katılmadı;0;
KAT-0787;EĞT-0046;GNL-0042;Elif Çetin;Tam Katılım;98;

Sınav ID;Eğitim ID;Sınav Adı;Alan;İl;Konum;Sınav Tarihi;Azami Puan;Geçme Puanı;
SNV-0001;EĞT-0002;Haberleşme Eğitimi Değerlendirme Sınavı;Haberleşme;Adana;Adana AFAD Salonu;14.05.2026 21:00;100;60;
SNV-0002;EĞT-0003;Navigasyon Eğitimi Değerlendirme Sınavı;Navigasyon;Muğla;Muğla Koordinasyon Merkezi;04.06.2026 21:00;100;60;
SNV-0003;EĞT-0004;Afet Farkındalık Eğitimi Değerlendirme Sınavı;Afet;Erzurum;Erzurum Koordinasyon Merkezi;11.06.2026 18:00;100;60;
SNV-0004;EĞT-0005;Afet Farkındalık Eğitimi Değerlendirme Sınavı;Afet;Malatya;Malatya Koordinasyon Merkezi;16.06.2026 21:00;100;60;
SNV-0005;EĞT-0007;Enkazda Arama ve Kurtarma Temel Eğitimi Değerlendirme Sınavı;Arama ve Kurtarma;Mardin;Mardin Koordinasyon Merkezi;26.05.2026 21:00;100;60;
SNV-0006;EĞT-0008;Haberleşme Eğitimi Değerlendirme Sınavı;Haberleşme;Isparta;Isparta Koordinasyon Merkezi;07.02.2026 17:00;100;60;
SNV-0007;EĞT-0009;Yangın Farkındalık Eğitimi Değerlendirme Sınavı;Yangın;Aydın;Aydın Saha Eğitim Alanı;28.06.2026 17:00;100;60;
SNV-0008;EĞT-0011;Depremde Arama ve Kurtarma Eğitimi Değerlendirme Sınavı;Arama ve Kurtarma;Elazığ;Elazığ Saha Eğitim Alanı;10.06.2026 21:00;100;60;
SNV-0009;EĞT-0013;Haberleşme Eğitimi Değerlendirme Sınavı;Haberleşme;Adıyaman;Adıyaman Eğitim Merkezi;23.02.2026 18:00;100;60;
SNV-0010;EĞT-0014;Haberleşme Eğitimi Değerlendirme Sınavı;Haberleşme;İstanbul;İstanbul AFAD Salonu;22.01.2026 17:00;100;60;
SNV-0011;EĞT-0015;Navigasyon Eğitimi Değerlendirme Sınavı;Navigasyon;Şanlıurfa;Şanlıurfa Eğitim Merkezi;03.06.2026 18:00;100;60;
SNV-0012;EĞT-0016;Yangın Farkındalık Eğitimi Değerlendirme Sınavı;Yangın;Kayseri;Kayseri Koordinasyon Merkezi;16.07.2026 21:00;100;60;
SNV-0013;EĞT-0021;Enkazda Arama ve Kurtarma Temel Eğitimi Değerlendirme Sınavı;Arama ve Kurtarma;Sivas;Sivas AFAD Salonu;05.02.2026 17:00;100;60;
SNV-0014;EĞT-0023;Afet Farkındalık Eğitimi Değerlendirme Sınavı;Afet;Adana;Adana AFAD Salonu;29.04.2026 17:00;100;60;
SNV-0015;EĞT-0024;Depremde Arama ve Kurtarma Eğitimi Değerlendirme Sınavı;Arama ve Kurtarma;Mardin;Mardin AFAD Salonu;25.02.2026 17:00;100;60;
SNV-0016;EĞT-0027;Haberleşme Eğitimi Değerlendirme Sınavı;Haberleşme;Diyarbakır;Diyarbakır Koordinasyon Merkezi;23.06.2026 18:00;100;60;
SNV-0017;EĞT-0030;Afet Farkındalık Eğitimi Değerlendirme Sınavı;Afet;Amasya;Amasya Koordinasyon Merkezi;11.02.2026 21:00;100;60;
SNV-0018;EĞT-0032;Kentsel Arama Kurtarma Seviye 1 Eğitimi Değerlendirme Sınavı;Kentsel Arama Kurtarma 1;Kocaeli;Kocaeli Saha Eğitim Alanı;02.03.2026 18:00;100;56;
SNV-0019;EĞT-0033;Kentsel Arama Kurtarma Seviye 2 Eğitimi Değerlendirme Sınavı;Kentsel Arama Kurtarma 2;Sivas;Sivas AFAD Salonu;15.03.2026 18:00;100;57;
SNV-0020;EĞT-0034;Kentsel Arama Kurtarma Seviye 3 Eğitimi Değerlendirme Sınavı;Kentsel Arama Kurtarma 3;Mersin;Mersin Koordinasyon Merkezi;28.03.2026 18:00;100;58;
SNV-0021;EĞT-0035;Kentsel Arama Kurtarma Seviye 4 Eğitimi Değerlendirme Sınavı;Kentsel Arama Kurtarma 4;Kayseri;Kayseri Eğitim Merkezi;10.04.2026 18:00;100;59;
SNV-0022;EĞT-0036;Kentsel Arama Kurtarma Seviye 5 Eğitimi Değerlendirme Sınavı;Kentsel Arama Kurtarma 5;Trabzon;Trabzon Eğitim Merkezi;22.04.2026 18:00;100;60;
SNV-0023;EĞT-0037;Su Arama Kurtarma Seviye 1 Eğitimi Değerlendirme Sınavı;Su Arama Kurtarma 1;Ordu;Ordu Saha Eğitim Alanı;01.05.2026 18:00;100;56;
SNV-0024;EĞT-0038;Su Arama Kurtarma Seviye 2 Eğitimi Değerlendirme Sınavı;Su Arama Kurtarma 2;İstanbul;İstanbul AFAD Salonu;14.05.2026 18:00;100;57;
SNV-0025;EĞT-0039;Su Arama Kurtarma Seviye 3 Eğitimi Değerlendirme Sınavı;Su Arama Kurtarma 3;Aydın;Aydın AFAD Salonu;27.05.2026 18:00;100;58;
SNV-0026;EĞT-0040;Su Arama Kurtarma Seviye 4 Eğitimi Değerlendirme Sınavı;Su Arama Kurtarma 4;Eskişehir;Eskişehir Eğitim Merkezi;09.06.2026 18:00;100;59;
SNV-0027;EĞT-0041;Su Arama Kurtarma Seviye 5 Eğitimi Değerlendirme Sınavı;Su Arama Kurtarma 5;Van;Van Saha Eğitim Alanı;21.06.2026 18:00;100;60;
SNV-0028;EĞT-0042;Doğada Arama Kurtarma Seviye 1 Eğitimi Değerlendirme Sınavı;Doğada Arama Kurtarma 1;Rize;Rize AFAD Salonu;30.06.2026 18:00;100;56;
SNV-0029;EĞT-0043;Doğada Arama Kurtarma Seviye 2 Eğitimi Değerlendirme Sınavı;Doğada Arama Kurtarma 2;Van;Van Saha Eğitim Alanı;13.07.2026 18:00;100;57;

Sonuç ID;Sınav ID;Eğitim ID;Eğitim Adı;Katılımcı ID;Katılımcı Ad Soyad;Sınava Girme Durumu;Alınan Puan;Azami Puan;Geçme Puanı;Sonuç;İl;Konum;Sınav Tarihi;
SNC-0001;SNV-0001;EĞT-0002;Haberleşme Eğitimi;GNL-0010;Hakan Doğan;Girdi;55;100;60;Kaldı;Adana;Adana AFAD Salonu;14.05.2026 21:00;
SNC-0002;SNV-0001;EĞT-0002;Haberleşme Eğitimi;GNL-0037;Onur Aslan;Girdi;40;100;60;Kaldı;Adana;Adana AFAD Salonu;14.05.2026 21:00;
SNC-0003;SNV-0001;EĞT-0002;Haberleşme Eğitimi;GNL-0057;Emre Doğan;Girdi;94;100;60;Geçti;Adana;Adana AFAD Salonu;14.05.2026 21:00;
SNC-0004;SNV-0001;EĞT-0002;Haberleşme Eğitimi;GNL-0069;Elif Çelik;Girdi;55;100;60;Kaldı;Adana;Adana AFAD Salonu;14.05.2026 21:00;
SNC-0005;SNV-0001;EĞT-0002;Haberleşme Eğitimi;GNL-0043;Nazlı Doğan;Girdi;87;100;60;Geçti;Adana;Adana AFAD Salonu;14.05.2026 21:00;
SNC-0006;SNV-0001;EĞT-0002;Haberleşme Eğitimi;GNL-0021;Burak Öztürk;Girdi;44;100;60;Kaldı;Adana;Adana AFAD Salonu;14.05.2026 21:00;
SNC-0007;SNV-0001;EĞT-0002;Haberleşme Eğitimi;GNL-0017;Pelin Aydın;Girdi;52;100;60;Kaldı;Adana;Adana AFAD Salonu;14.05.2026 21:00;
SNC-0008;SNV-0001;EĞT-0002;Haberleşme Eğitimi;GNL-0060;Ceren Aydın;Girdi;40;100;60;Kaldı;Adana;Adana AFAD Salonu;14.05.2026 21:00;
SNC-0009;SNV-0001;EĞT-0002;Haberleşme Eğitimi;GNL-0016;Ece Doğan;Girdi;98;100;60;Geçti;Adana;Adana AFAD Salonu;14.05.2026 21:00;
SNC-0010;SNV-0001;EĞT-0002;Haberleşme Eğitimi;GNL-0026;Pelin Şahin;Girdi;91;100;60;Geçti;Adana;Adana AFAD Salonu;14.05.2026 21:00;
SNC-0011;SNV-0001;EĞT-0002;Haberleşme Eğitimi;GNL-0009;Selin Aslan;Girdi;66;100;60;Geçti;Adana;Adana AFAD Salonu;14.05.2026 21:00;
SNC-0012;SNV-0001;EĞT-0002;Haberleşme Eğitimi;GNL-0080;Buse Kaya;Girdi;48;100;60;Kaldı;Adana;Adana AFAD Salonu;14.05.2026 21:00;
SNC-0013;SNV-0001;EĞT-0002;Haberleşme Eğitimi;GNL-0051;Melis Çetin;Girdi;76;100;60;Geçti;Adana;Adana AFAD Salonu;14.05.2026 21:00;
SNC-0014;SNV-0001;EĞT-0002;Haberleşme Eğitimi;GNL-0040;Selin Özdemir;Girdi;78;100;60;Geçti;Adana;Adana AFAD Salonu;14.05.2026 21:00;
SNC-0015;SNV-0001;EĞT-0002;Haberleşme Eğitimi;GNL-0050;Hakan Özdemir;Girdi;92;100;60;Geçti;Adana;Adana AFAD Salonu;14.05.2026 21:00;
SNC-0016;SNV-0002;EĞT-0003;Navigasyon Eğitimi;GNL-0012;Elif Kara;Girdi;47;100;60;Kaldı;Muğla;Muğla Koordinasyon Merkezi;04.06.2026 21:00;
SNC-0017;SNV-0002;EĞT-0003;Navigasyon Eğitimi;GNL-0024;Melis Yılmaz;Girdi;61;100;60;Geçti;Muğla;Muğla Koordinasyon Merkezi;04.06.2026 21:00;
SNC-0018;SNV-0002;EĞT-0003;Navigasyon Eğitimi;GNL-0003;Seda Kara;Girdi;60;100;60;Geçti;Muğla;Muğla Koordinasyon Merkezi;04.06.2026 21:00;
SNC-0019;SNV-0002;EĞT-0003;Navigasyon Eğitimi;GNL-0037;Onur Aslan;Girdi;61;100;60;Geçti;Muğla;Muğla Koordinasyon Merkezi;04.06.2026 21:00;
SNC-0020;SNV-0002;EĞT-0003;Navigasyon Eğitimi;GNL-0060;Ceren Aydın;Girdi;61;100;60;Geçti;Muğla;Muğla Koordinasyon Merkezi;04.06.2026 21:00;
SNC-0021;SNV-0002;EĞT-0003;Navigasyon Eğitimi;GNL-0025;Furkan Şahin;Girdi;81;100;60;Geçti;Muğla;Muğla Koordinasyon Merkezi;04.06.2026 21:00;
SNC-0022;SNV-0002;EĞT-0003;Navigasyon Eğitimi;GNL-0028;Hakan Şahin;Girdi;76;100;60;Geçti;Muğla;Muğla Koordinasyon Merkezi;04.06.2026 21:00;
SNC-0023;SNV-0002;EĞT-0003;Navigasyon Eğitimi;GNL-0057;Emre Doğan;Girdi;68;100;60;Geçti;Muğla;Muğla Koordinasyon Merkezi;04.06.2026 21:00;
SNC-0024;SNV-0002;EĞT-0003;Navigasyon Eğitimi;GNL-0059;Tuğçe Doğan;Girdi;75;100;60;Geçti;Muğla;Muğla Koordinasyon Merkezi;04.06.2026 21:00;
SNC-0025;SNV-0002;EĞT-0003;Navigasyon Eğitimi;GNL-0063;Derya Kaya;Girdi;94;100;60;Geçti;Muğla;Muğla Koordinasyon Merkezi;04.06.2026 21:00;
SNC-0026;SNV-0002;EĞT-0003;Navigasyon Eğitimi;GNL-0071;Hakan Aslan;Girdi;51;100;60;Kaldı;Muğla;Muğla Koordinasyon Merkezi;04.06.2026 21:00;
SNC-0027;SNV-0002;EĞT-0003;Navigasyon Eğitimi;GNL-0039;Furkan Kurt;Girdi;99;100;60;Geçti;Muğla;Muğla Koordinasyon Merkezi;04.06.2026 21:00;
SNC-0028;SNV-0003;EĞT-0004;Afet Farkındalık Eğitimi;GNL-0041;Selin Polat;Girmedi;;100;60;Değerlendirilmedi;Erzurum;Erzurum Koordinasyon Merkezi;11.06.2026 18:00;
SNC-0029;SNV-0003;EĞT-0004;Afet Farkındalık Eğitimi;GNL-0002;Mert Yıldız;Girdi;79;100;60;Geçti;Erzurum;Erzurum Koordinasyon Merkezi;11.06.2026 18:00;
SNC-0030;SNV-0003;EĞT-0004;Afet Farkındalık Eğitimi;GNL-0005;Aslı Yıldız;Girdi;94;100;60;Geçti;Erzurum;Erzurum Koordinasyon Merkezi;11.06.2026 18:00;
SNC-0031;SNV-0003;EĞT-0004;Afet Farkındalık Eğitimi;GNL-0032;Selin Aslan;Girmedi;;100;60;Değerlendirilmedi;Erzurum;Erzurum Koordinasyon Merkezi;11.06.2026 18:00;
SNC-0032;SNV-0003;EĞT-0004;Afet Farkındalık Eğitimi;GNL-0019;Melis Öztürk;Girdi;53;100;60;Kaldı;Erzurum;Erzurum Koordinasyon Merkezi;11.06.2026 18:00;
SNC-0033;SNV-0003;EĞT-0004;Afet Farkındalık Eğitimi;GNL-0080;Buse Kaya;Girdi;41;100;60;Kaldı;Erzurum;Erzurum Koordinasyon Merkezi;11.06.2026 18:00;
SNC-0034;SNV-0003;EĞT-0004;Afet Farkındalık Eğitimi;GNL-0059;Tuğçe Doğan;Girdi;52;100;60;Kaldı;Erzurum;Erzurum Koordinasyon Merkezi;11.06.2026 18:00;
SNC-0035;SNV-0003;EĞT-0004;Afet Farkındalık Eğitimi;GNL-0006;Cem Şahin;Girdi;56;100;60;Kaldı;Erzurum;Erzurum Koordinasyon Merkezi;11.06.2026 18:00;
SNC-0036;SNV-0003;EĞT-0004;Afet Farkındalık Eğitimi;GNL-0020;Zeynep Kaya;Girdi;75;100;60;Geçti;Erzurum;Erzurum Koordinasyon Merkezi;11.06.2026 18:00;
SNC-0037;SNV-0003;EĞT-0004;Afet Farkındalık Eğitimi;GNL-0013;Mert Aksoy;Girdi;74;100;60;Geçti;Erzurum;Erzurum Koordinasyon Merkezi;11.06.2026 18:00;
SNC-0038;SNV-0003;EĞT-0004;Afet Farkındalık Eğitimi;GNL-0021;Burak Öztürk;Girdi;60;100;60;Geçti;Erzurum;Erzurum Koordinasyon Merkezi;11.06.2026 18:00;
SNC-0039;SNV-0003;EĞT-0004;Afet Farkındalık Eğitimi;GNL-0004;Umut Doğan;Girmedi;;100;60;Değerlendirilmedi;Erzurum;Erzurum Koordinasyon Merkezi;11.06.2026 18:00;
SNC-0040;SNV-0003;EĞT-0004;Afet Farkındalık Eğitimi;GNL-0060;Ceren Aydın;Girdi;57;100;60;Kaldı;Erzurum;Erzurum Koordinasyon Merkezi;11.06.2026 18:00;
SNC-0041;SNV-0003;EĞT-0004;Afet Farkındalık Eğitimi;GNL-0071;Hakan Aslan;Girdi;55;100;60;Kaldı;Erzurum;Erzurum Koordinasyon Merkezi;11.06.2026 18:00;
SNC-0042;SNV-0003;EĞT-0004;Afet Farkındalık Eğitimi;GNL-0039;Furkan Kurt;Girdi;96;100;60;Geçti;Erzurum;Erzurum Koordinasyon Merkezi;11.06.2026 18:00;
SNC-0043;SNV-0003;EĞT-0004;Afet Farkındalık Eğitimi;GNL-0077;Can Şahin;Girdi;80;100;60;Geçti;Erzurum;Erzurum Koordinasyon Merkezi;11.06.2026 18:00;
SNC-0044;SNV-0003;EĞT-0004;Afet Farkındalık Eğitimi;GNL-0073;Pelin Yılmaz;Girdi;84;100;60;Geçti;Erzurum;Erzurum Koordinasyon Merkezi;11.06.2026 18:00;
SNC-0045;SNV-0003;EĞT-0004;Afet Farkındalık Eğitimi;GNL-0044;Ayşe Çelik;Girdi;43;100;60;Kaldı;Erzurum;Erzurum Koordinasyon Merkezi;11.06.2026 18:00;
SNC-0046;SNV-0003;EĞT-0004;Afet Farkındalık Eğitimi;GNL-0046;Barış Yıldız;Girdi;65;100;60;Geçti;Erzurum;Erzurum Koordinasyon Merkezi;11.06.2026 18:00;
SNC-0047;SNV-0003;EĞT-0004;Afet Farkındalık Eğitimi;GNL-0038;Ayşe Kılıç;Girdi;46;100;60;Kaldı;Erzurum;Erzurum Koordinasyon Merkezi;11.06.2026 18:00;
SNC-0048;SNV-0003;EĞT-0004;Afet Farkındalık Eğitimi;GNL-0007;Elif Çelik;Girdi;61;100;60;Geçti;Erzurum;Erzurum Koordinasyon Merkezi;11.06.2026 18:00;
SNC-0049;SNV-0003;EĞT-0004;Afet Farkındalık Eğitimi;GNL-0009;Selin Aslan;Girdi;36;100;60;Kaldı;Erzurum;Erzurum Koordinasyon Merkezi;11.06.2026 18:00;
SNC-0050;SNV-0003;EĞT-0004;Afet Farkındalık Eğitimi;GNL-0065;Aslı Polat;Girdi;35;100;60;Kaldı;Erzurum;Erzurum Koordinasyon Merkezi;11.06.2026 18:00;
SNC-0051;SNV-0003;EĞT-0004;Afet Farkındalık Eğitimi;GNL-0037;Onur Aslan;Girdi;95;100;60;Geçti;Erzurum;Erzurum Koordinasyon Merkezi;11.06.2026 18:00;
SNC-0052;SNV-0004;EĞT-0005;Afet Farkındalık Eğitimi;GNL-0006;Cem Şahin;Girdi;56;100;60;Kaldı;Malatya;Malatya Koordinasyon Merkezi;16.06.2026 21:00;
SNC-0053;SNV-0004;EĞT-0005;Afet Farkındalık Eğitimi;GNL-0010;Hakan Doğan;Girdi;79;100;60;Geçti;Malatya;Malatya Koordinasyon Merkezi;16.06.2026 21:00;
SNC-0054;SNV-0004;EĞT-0005;Afet Farkındalık Eğitimi;GNL-0027;Nazlı Kara;Girdi;77;100;60;Geçti;Malatya;Malatya Koordinasyon Merkezi;16.06.2026 21:00;
SNC-0055;SNV-0004;EĞT-0005;Afet Farkındalık Eğitimi;GNL-0019;Melis Öztürk;Girdi;47;100;60;Kaldı;Malatya;Malatya Koordinasyon Merkezi;16.06.2026 21:00;
SNC-0056;SNV-0004;EĞT-0005;Afet Farkındalık Eğitimi;GNL-0073;Pelin Yılmaz;Girdi;87;100;60;Geçti;Malatya;Malatya Koordinasyon Merkezi;16.06.2026 21:00;
SNC-0057;SNV-0004;EĞT-0005;Afet Farkındalık Eğitimi;GNL-0042;Elif Çetin;Girmedi;;100;60;Değerlendirilmedi;Malatya;Malatya Koordinasyon Merkezi;16.06.2026 21:00;
SNC-0058;SNV-0004;EĞT-0005;Afet Farkındalık Eğitimi;GNL-0076;Elif Şimşek;Girdi;53;100;60;Kaldı;Malatya;Malatya Koordinasyon Merkezi;16.06.2026 21:00;
SNC-0059;SNV-0004;EĞT-0005;Afet Farkındalık Eğitimi;GNL-0020;Zeynep Kaya;Girdi;96;100;60;Geçti;Malatya;Malatya Koordinasyon Merkezi;16.06.2026 21:00;
SNC-0060;SNV-0004;EĞT-0005;Afet Farkındalık Eğitimi;GNL-0034;Onur Aydın;Girmedi;;100;60;Değerlendirilmedi;Malatya;Malatya Koordinasyon Merkezi;16.06.2026 21:00;
SNC-0061;SNV-0004;EĞT-0005;Afet Farkındalık Eğitimi;GNL-0071;Hakan Aslan;Girdi;75;100;60;Geçti;Malatya;Malatya Koordinasyon Merkezi;16.06.2026 21:00;
SNC-0062;SNV-0005;EĞT-0007;Enkazda Arama ve Kurtarma Temel Eğitimi;GNL-0042;Elif Çetin;Girdi;50;100;60;Kaldı;Mardin;Mardin Koordinasyon Merkezi;26.05.2026 21:00;
SNC-0063;SNV-0005;EĞT-0007;Enkazda Arama ve Kurtarma Temel Eğitimi;GNL-0049;Ece Öztürk;Girdi;70;100;60;Geçti;Mardin;Mardin Koordinasyon Merkezi;26.05.2026 21:00;
SNC-0064;SNV-0005;EĞT-0007;Enkazda Arama ve Kurtarma Temel Eğitimi;GNL-0040;Selin Özdemir;Girdi;89;100;60;Geçti;Mardin;Mardin Koordinasyon Merkezi;26.05.2026 21:00;
SNC-0065;SNV-0005;EĞT-0007;Enkazda Arama ve Kurtarma Temel Eğitimi;GNL-0067;Emre Öztürk;Girdi;58;100;60;Kaldı;Mardin;Mardin Koordinasyon Merkezi;26.05.2026 21:00;
SNC-0066;SNV-0005;EĞT-0007;Enkazda Arama ve Kurtarma Temel Eğitimi;GNL-0063;Derya Kaya;Girmedi;;100;60;Değerlendirilmedi;Mardin;Mardin Koordinasyon Merkezi;26.05.2026 21:00;
SNC-0067;SNV-0005;EĞT-0007;Enkazda Arama ve Kurtarma Temel Eğitimi;GNL-0033;Ece Özdemir;Girdi;36;100;60;Kaldı;Mardin;Mardin Koordinasyon Merkezi;26.05.2026 21:00;
SNC-0068;SNV-0005;EĞT-0007;Enkazda Arama ve Kurtarma Temel Eğitimi;GNL-0032;Selin Aslan;Girdi;58;100;60;Kaldı;Mardin;Mardin Koordinasyon Merkezi;26.05.2026 21:00;
SNC-0069;SNV-0005;EĞT-0007;Enkazda Arama ve Kurtarma Temel Eğitimi;GNL-0070;Pelin Aksoy;Girdi;72;100;60;Geçti;Mardin;Mardin Koordinasyon Merkezi;26.05.2026 21:00;
SNC-0070;SNV-0005;EĞT-0007;Enkazda Arama ve Kurtarma Temel Eğitimi;GNL-0027;Nazlı Kara;Girdi;69;100;60;Geçti;Mardin;Mardin Koordinasyon Merkezi;26.05.2026 21:00;
SNC-0071;SNV-0005;EĞT-0007;Enkazda Arama ve Kurtarma Temel Eğitimi;GNL-0056;Umut Şahin;Girdi;97;100;60;Geçti;Mardin;Mardin Koordinasyon Merkezi;26.05.2026 21:00;
SNC-0072;SNV-0005;EĞT-0007;Enkazda Arama ve Kurtarma Temel Eğitimi;GNL-0046;Barış Yıldız;Girdi;82;100;60;Geçti;Mardin;Mardin Koordinasyon Merkezi;26.05.2026 21:00;
SNC-0073;SNV-0005;EĞT-0007;Enkazda Arama ve Kurtarma Temel Eğitimi;GNL-0077;Can Şahin;Girdi;67;100;60;Geçti;Mardin;Mardin Koordinasyon Merkezi;26.05.2026 21:00;
SNC-0074;SNV-0005;EĞT-0007;Enkazda Arama ve Kurtarma Temel Eğitimi;GNL-0078;Mert Kara;Girdi;74;100;60;Geçti;Mardin;Mardin Koordinasyon Merkezi;26.05.2026 21:00;
SNC-0075;SNV-0005;EĞT-0007;Enkazda Arama ve Kurtarma Temel Eğitimi;GNL-0066;Barış Kaya;Girdi;85;100;60;Geçti;Mardin;Mardin Koordinasyon Merkezi;26.05.2026 21:00;
SNC-0076;SNV-0005;EĞT-0007;Enkazda Arama ve Kurtarma Temel Eğitimi;GNL-0074;Ayşe Özdemir;Girdi;46;100;60;Kaldı;Mardin;Mardin Koordinasyon Merkezi;26.05.2026 21:00;
SNC-0077;SNV-0005;EĞT-0007;Enkazda Arama ve Kurtarma Temel Eğitimi;GNL-0058;Melis Kılıç;Girdi;37;100;60;Kaldı;Mardin;Mardin Koordinasyon Merkezi;26.05.2026 21:00;
SNC-0078;SNV-0005;EĞT-0007;Enkazda Arama ve Kurtarma Temel Eğitimi;GNL-0050;Hakan Özdemir;Girdi;73;100;60;Geçti;Mardin;Mardin Koordinasyon Merkezi;26.05.2026 21:00;
SNC-0079;SNV-0005;EĞT-0007;Enkazda Arama ve Kurtarma Temel Eğitimi;GNL-0080;Buse Kaya;Girdi;44;100;60;Kaldı;Mardin;Mardin Koordinasyon Merkezi;26.05.2026 21:00;
SNC-0080;SNV-0005;EĞT-0007;Enkazda Arama ve Kurtarma Temel Eğitimi;GNL-0018;Derya Aksoy;Girmedi;;100;60;Değerlendirilmedi;Mardin;Mardin Koordinasyon Merkezi;26.05.2026 21:00;
SNC-0081;SNV-0005;EĞT-0007;Enkazda Arama ve Kurtarma Temel Eğitimi;GNL-0015;Furkan Öztürk;Girdi;82;100;60;Geçti;Mardin;Mardin Koordinasyon Merkezi;26.05.2026 21:00;
SNC-0082;SNV-0005;EĞT-0007;Enkazda Arama ve Kurtarma Temel Eğitimi;GNL-0053;Tolga Kurt;Girdi;53;100;60;Kaldı;Mardin;Mardin Koordinasyon Merkezi;26.05.2026 21:00;
SNC-0083;SNV-0005;EĞT-0007;Enkazda Arama ve Kurtarma Temel Eğitimi;GNL-0030;Hakan Çetin;Girdi;100;100;60;Geçti;Mardin;Mardin Koordinasyon Merkezi;26.05.2026 21:00;
SNC-0084;SNV-0005;EĞT-0007;Enkazda Arama ve Kurtarma Temel Eğitimi;GNL-0024;Melis Yılmaz;Girdi;67;100;60;Geçti;Mardin;Mardin Koordinasyon Merkezi;26.05.2026 21:00;
SNC-0085;SNV-0005;EĞT-0007;Enkazda Arama ve Kurtarma Temel Eğitimi;GNL-0023;İrem Aslan;Girdi;63;100;60;Geçti;Mardin;Mardin Koordinasyon Merkezi;26.05.2026 21:00;
SNC-0086;SNV-0005;EĞT-0007;Enkazda Arama ve Kurtarma Temel Eğitimi;GNL-0035;Zeynep Polat;Girdi;62;100;60;Geçti;Mardin;Mardin Koordinasyon Merkezi;26.05.2026 21:00;
SNC-0087;SNV-0006;EĞT-0008;Haberleşme Eğitimi;GNL-0019;Melis Öztürk;Girmedi;;100;60;Değerlendirilmedi;Isparta;Isparta Koordinasyon Merkezi;07.02.2026 17:00;
SNC-0088;SNV-0006;EĞT-0008;Haberleşme Eğitimi;GNL-0007;Elif Çelik;Girdi;69;100;60;Geçti;Isparta;Isparta Koordinasyon Merkezi;07.02.2026 17:00;
SNC-0089;SNV-0006;EĞT-0008;Haberleşme Eğitimi;GNL-0022;Elif Çetin;Girdi;69;100;60;Geçti;Isparta;Isparta Koordinasyon Merkezi;07.02.2026 17:00;
SNC-0090;SNV-0006;EĞT-0008;Haberleşme Eğitimi;GNL-0026;Pelin Şahin;Girdi;63;100;60;Geçti;Isparta;Isparta Koordinasyon Merkezi;07.02.2026 17:00;
SNC-0091;SNV-0006;EĞT-0008;Haberleşme Eğitimi;GNL-0031;Hakan Yıldız;Girdi;43;100;60;Kaldı;Isparta;Isparta Koordinasyon Merkezi;07.02.2026 17:00;
SNC-0092;SNV-0006;EĞT-0008;Haberleşme Eğitimi;GNL-0051;Melis Çetin;Girdi;47;100;60;Kaldı;Isparta;Isparta Koordinasyon Merkezi;07.02.2026 17:00;
SNC-0093;SNV-0006;EĞT-0008;Haberleşme Eğitimi;GNL-0071;Hakan Aslan;Girmedi;;100;60;Değerlendirilmedi;Isparta;Isparta Koordinasyon Merkezi;07.02.2026 17:00;
SNC-0094;SNV-0006;EĞT-0008;Haberleşme Eğitimi;GNL-0076;Elif Şimşek;Girdi;60;100;60;Geçti;Isparta;Isparta Koordinasyon Merkezi;07.02.2026 17:00;
SNC-0095;SNV-0006;EĞT-0008;Haberleşme Eğitimi;GNL-0009;Selin Aslan;Girdi;61;100;60;Geçti;Isparta;Isparta Koordinasyon Merkezi;07.02.2026 17:00;
SNC-0096;SNV-0006;EĞT-0008;Haberleşme Eğitimi;GNL-0050;Hakan Özdemir;Girdi;62;100;60;Geçti;Isparta;Isparta Koordinasyon Merkezi;07.02.2026 17:00;
SNC-0097;SNV-0006;EĞT-0008;Haberleşme Eğitimi;GNL-0035;Zeynep Polat;Girdi;93;100;60;Geçti;Isparta;Isparta Koordinasyon Merkezi;07.02.2026 17:00;
SNC-0098;SNV-0006;EĞT-0008;Haberleşme Eğitimi;GNL-0064;Hakan Aslan;Girdi;60;100;60;Geçti;Isparta;Isparta Koordinasyon Merkezi;07.02.2026 17:00;
SNC-0099;SNV-0006;EĞT-0008;Haberleşme Eğitimi;GNL-0077;Can Şahin;Girdi;42;100;60;Kaldı;Isparta;Isparta Koordinasyon Merkezi;07.02.2026 17:00;
SNC-0100;SNV-0006;EĞT-0008;Haberleşme Eğitimi;GNL-0005;Aslı Yıldız;Girdi;89;100;60;Geçti;Isparta;Isparta Koordinasyon Merkezi;07.02.2026 17:00;
SNC-0101;SNV-0006;EĞT-0008;Haberleşme Eğitimi;GNL-0016;Ece Doğan;Girdi;95;100;60;Geçti;Isparta;Isparta Koordinasyon Merkezi;07.02.2026 17:00;
SNC-0102;SNV-0006;EĞT-0008;Haberleşme Eğitimi;GNL-0021;Burak Öztürk;Girdi;87;100;60;Geçti;Isparta;Isparta Koordinasyon Merkezi;07.02.2026 17:00;
SNC-0103;SNV-0006;EĞT-0008;Haberleşme Eğitimi;GNL-0027;Nazlı Kara;Girdi;53;100;60;Kaldı;Isparta;Isparta Koordinasyon Merkezi;07.02.2026 17:00;
SNC-0104;SNV-0006;EĞT-0008;Haberleşme Eğitimi;GNL-0004;Umut Doğan;Girdi;49;100;60;Kaldı;Isparta;Isparta Koordinasyon Merkezi;07.02.2026 17:00;
SNC-0105;SNV-0006;EĞT-0008;Haberleşme Eğitimi;GNL-0033;Ece Özdemir;Girdi;64;100;60;Geçti;Isparta;Isparta Koordinasyon Merkezi;07.02.2026 17:00;
SNC-0106;SNV-0006;EĞT-0008;Haberleşme Eğitimi;GNL-0074;Ayşe Özdemir;Girdi;42;100;60;Kaldı;Isparta;Isparta Koordinasyon Merkezi;07.02.2026 17:00;
SNC-0107;SNV-0006;EĞT-0008;Haberleşme Eğitimi;GNL-0056;Umut Şahin;Girdi;72;100;60;Geçti;Isparta;Isparta Koordinasyon Merkezi;07.02.2026 17:00;
SNC-0108;SNV-0007;EĞT-0009;Yangın Farkındalık Eğitimi;GNL-0063;Derya Kaya;Girdi;100;100;60;Geçti;Aydın;Aydın Saha Eğitim Alanı;28.06.2026 17:00;
SNC-0109;SNV-0007;EĞT-0009;Yangın Farkındalık Eğitimi;GNL-0023;İrem Aslan;Girdi;88;100;60;Geçti;Aydın;Aydın Saha Eğitim Alanı;28.06.2026 17:00;
SNC-0110;SNV-0007;EĞT-0009;Yangın Farkındalık Eğitimi;GNL-0019;Melis Öztürk;Girdi;83;100;60;Geçti;Aydın;Aydın Saha Eğitim Alanı;28.06.2026 17:00;
SNC-0111;SNV-0007;EĞT-0009;Yangın Farkındalık Eğitimi;GNL-0010;Hakan Doğan;Girdi;87;100;60;Geçti;Aydın;Aydın Saha Eğitim Alanı;28.06.2026 17:00;
SNC-0112;SNV-0007;EĞT-0009;Yangın Farkındalık Eğitimi;GNL-0039;Furkan Kurt;Girdi;50;100;60;Kaldı;Aydın;Aydın Saha Eğitim Alanı;28.06.2026 17:00;
SNC-0113;SNV-0007;EĞT-0009;Yangın Farkındalık Eğitimi;GNL-0055;İrem Çelik;Girdi;87;100;60;Geçti;Aydın;Aydın Saha Eğitim Alanı;28.06.2026 17:00;
SNC-0114;SNV-0007;EĞT-0009;Yangın Farkındalık Eğitimi;GNL-0072;Emre Özdemir;Girdi;87;100;60;Geçti;Aydın;Aydın Saha Eğitim Alanı;28.06.2026 17:00;
SNC-0115;SNV-0007;EĞT-0009;Yangın Farkındalık Eğitimi;GNL-0069;Elif Çelik;Girdi;90;100;60;Geçti;Aydın;Aydın Saha Eğitim Alanı;28.06.2026 17:00;
SNC-0116;SNV-0007;EĞT-0009;Yangın Farkındalık Eğitimi;GNL-0078;Mert Kara;Girdi;40;100;60;Kaldı;Aydın;Aydın Saha Eğitim Alanı;28.06.2026 17:00;
SNC-0117;SNV-0007;EĞT-0009;Yangın Farkındalık Eğitimi;GNL-0030;Hakan Çetin;Girdi;60;100;60;Geçti;Aydın;Aydın Saha Eğitim Alanı;28.06.2026 17:00;
SNC-0118;SNV-0007;EĞT-0009;Yangın Farkındalık Eğitimi;GNL-0043;Nazlı Doğan;Girdi;80;100;60;Geçti;Aydın;Aydın Saha Eğitim Alanı;28.06.2026 17:00;
SNC-0119;SNV-0007;EĞT-0009;Yangın Farkındalık Eğitimi;GNL-0024;Melis Yılmaz;Girmedi;;100;60;Değerlendirilmedi;Aydın;Aydın Saha Eğitim Alanı;28.06.2026 17:00;
SNC-0120;SNV-0007;EĞT-0009;Yangın Farkındalık Eğitimi;GNL-0064;Hakan Aslan;Girmedi;;100;60;Değerlendirilmedi;Aydın;Aydın Saha Eğitim Alanı;28.06.2026 17:00;
SNC-0121;SNV-0007;EĞT-0009;Yangın Farkındalık Eğitimi;GNL-0032;Selin Aslan;Girdi;52;100;60;Kaldı;Aydın;Aydın Saha Eğitim Alanı;28.06.2026 17:00;
SNC-0122;SNV-0007;EĞT-0009;Yangın Farkındalık Eğitimi;GNL-0074;Ayşe Özdemir;Girdi;83;100;60;Geçti;Aydın;Aydın Saha Eğitim Alanı;28.06.2026 17:00;
SNC-0123;SNV-0007;EĞT-0009;Yangın Farkındalık Eğitimi;GNL-0017;Pelin Aydın;Girmedi;;100;60;Değerlendirilmedi;Aydın;Aydın Saha Eğitim Alanı;28.06.2026 17:00;
SNC-0124;SNV-0007;EĞT-0009;Yangın Farkındalık Eğitimi;GNL-0007;Elif Çelik;Girdi;73;100;60;Geçti;Aydın;Aydın Saha Eğitim Alanı;28.06.2026 17:00;
SNC-0125;SNV-0007;EĞT-0009;Yangın Farkındalık Eğitimi;GNL-0004;Umut Doğan;Girdi;86;100;60;Geçti;Aydın;Aydın Saha Eğitim Alanı;28.06.2026 17:00;
SNC-0126;SNV-0007;EĞT-0009;Yangın Farkındalık Eğitimi;GNL-0020;Zeynep Kaya;Girdi;81;100;60;Geçti;Aydın;Aydın Saha Eğitim Alanı;28.06.2026 17:00;
SNC-0127;SNV-0007;EĞT-0009;Yangın Farkındalık Eğitimi;GNL-0073;Pelin Yılmaz;Girdi;35;100;60;Kaldı;Aydın;Aydın Saha Eğitim Alanı;28.06.2026 17:00;
SNC-0128;SNV-0007;EĞT-0009;Yangın Farkındalık Eğitimi;GNL-0016;Ece Doğan;Girdi;99;100;60;Geçti;Aydın;Aydın Saha Eğitim Alanı;28.06.2026 17:00;
SNC-0129;SNV-0007;EĞT-0009;Yangın Farkındalık Eğitimi;GNL-0009;Selin Aslan;Girdi;43;100;60;Kaldı;Aydın;Aydın Saha Eğitim Alanı;28.06.2026 17:00;
SNC-0130;SNV-0007;EĞT-0009;Yangın Farkındalık Eğitimi;GNL-0076;Elif Şimşek;Girdi;55;100;60;Kaldı;Aydın;Aydın Saha Eğitim Alanı;28.06.2026 17:00;
SNC-0131;SNV-0007;EĞT-0009;Yangın Farkındalık Eğitimi;GNL-0046;Barış Yıldız;Girdi;86;100;60;Geçti;Aydın;Aydın Saha Eğitim Alanı;28.06.2026 17:00;
SNC-0132;SNV-0007;EĞT-0009;Yangın Farkındalık Eğitimi;GNL-0033;Ece Özdemir;Girdi;76;100;60;Geçti;Aydın;Aydın Saha Eğitim Alanı;28.06.2026 17:00;
SNC-0133;SNV-0007;EĞT-0009;Yangın Farkındalık Eğitimi;GNL-0036;Ayşe Şimşek;Girdi;79;100;60;Geçti;Aydın;Aydın Saha Eğitim Alanı;28.06.2026 17:00;
SNC-0134;SNV-0007;EĞT-0009;Yangın Farkındalık Eğitimi;GNL-0031;Hakan Yıldız;Girdi;88;100;60;Geçti;Aydın;Aydın Saha Eğitim Alanı;28.06.2026 17:00;
SNC-0135;SNV-0007;EĞT-0009;Yangın Farkındalık Eğitimi;GNL-0022;Elif Çetin;Girdi;99;100;60;Geçti;Aydın;Aydın Saha Eğitim Alanı;28.06.2026 17:00;
SNC-0136;SNV-0007;EĞT-0009;Yangın Farkındalık Eğitimi;GNL-0035;Zeynep Polat;Girdi;46;100;60;Kaldı;Aydın;Aydın Saha Eğitim Alanı;28.06.2026 17:00;
SNC-0137;SNV-0008;EĞT-0011;Depremde Arama ve Kurtarma Eğitimi;GNL-0058;Melis Kılıç;Girdi;43;100;60;Kaldı;Elazığ;Elazığ Saha Eğitim Alanı;10.06.2026 21:00;
SNC-0138;SNV-0008;EĞT-0011;Depremde Arama ve Kurtarma Eğitimi;GNL-0005;Aslı Yıldız;Girmedi;;100;60;Değerlendirilmedi;Elazığ;Elazığ Saha Eğitim Alanı;10.06.2026 21:00;
SNC-0139;SNV-0008;EĞT-0011;Depremde Arama ve Kurtarma Eğitimi;GNL-0039;Furkan Kurt;Girmedi;;100;60;Değerlendirilmedi;Elazığ;Elazığ Saha Eğitim Alanı;10.06.2026 21:00;
SNC-0140;SNV-0008;EĞT-0011;Depremde Arama ve Kurtarma Eğitimi;GNL-0006;Cem Şahin;Girmedi;;100;60;Değerlendirilmedi;Elazığ;Elazığ Saha Eğitim Alanı;10.06.2026 21:00;
SNC-0141;SNV-0008;EĞT-0011;Depremde Arama ve Kurtarma Eğitimi;GNL-0041;Selin Polat;Girdi;84;100;60;Geçti;Elazığ;Elazığ Saha Eğitim Alanı;10.06.2026 21:00;
SNC-0142;SNV-0008;EĞT-0011;Depremde Arama ve Kurtarma Eğitimi;GNL-0066;Barış Kaya;Girdi;83;100;60;Geçti;Elazığ;Elazığ Saha Eğitim Alanı;10.06.2026 21:00;
SNC-0143;SNV-0008;EĞT-0011;Depremde Arama ve Kurtarma Eğitimi;GNL-0010;Hakan Doğan;Girdi;73;100;60;Geçti;Elazığ;Elazığ Saha Eğitim Alanı;10.06.2026 21:00;
SNC-0144;SNV-0008;EĞT-0011;Depremde Arama ve Kurtarma Eğitimi;GNL-0043;Nazlı Doğan;Girdi;86;100;60;Geçti;Elazığ;Elazığ Saha Eğitim Alanı;10.06.2026 21:00;
SNC-0145;SNV-0008;EĞT-0011;Depremde Arama ve Kurtarma Eğitimi;GNL-0012;Elif Kara;Girdi;84;100;60;Geçti;Elazığ;Elazığ Saha Eğitim Alanı;10.06.2026 21:00;
SNC-0146;SNV-0008;EĞT-0011;Depremde Arama ve Kurtarma Eğitimi;GNL-0059;Tuğçe Doğan;Girmedi;;100;60;Değerlendirilmedi;Elazığ;Elazığ Saha Eğitim Alanı;10.06.2026 21:00;
SNC-0147;SNV-0008;EĞT-0011;Depremde Arama ve Kurtarma Eğitimi;GNL-0028;Hakan Şahin;Girdi;99;100;60;Geçti;Elazığ;Elazığ Saha Eğitim Alanı;10.06.2026 21:00;
SNC-0148;SNV-0008;EĞT-0011;Depremde Arama ve Kurtarma Eğitimi;GNL-0080;Buse Kaya;Girdi;43;100;60;Kaldı;Elazığ;Elazığ Saha Eğitim Alanı;10.06.2026 21:00;
SNC-0149;SNV-0008;EĞT-0011;Depremde Arama ve Kurtarma Eğitimi;GNL-0065;Aslı Polat;Girdi;70;100;60;Geçti;Elazığ;Elazığ Saha Eğitim Alanı;10.06.2026 21:00;
SNC-0150;SNV-0008;EĞT-0011;Depremde Arama ve Kurtarma Eğitimi;GNL-0073;Pelin Yılmaz;Girdi;95;100;60;Geçti;Elazığ;Elazığ Saha Eğitim Alanı;10.06.2026 21:00;
SNC-0151;SNV-0008;EĞT-0011;Depremde Arama ve Kurtarma Eğitimi;GNL-0048;Mert Polat;Girdi;74;100;60;Geçti;Elazığ;Elazığ Saha Eğitim Alanı;10.06.2026 21:00;
SNC-0152;SNV-0008;EĞT-0011;Depremde Arama ve Kurtarma Eğitimi;GNL-0050;Hakan Özdemir;Girdi;51;100;60;Kaldı;Elazığ;Elazığ Saha Eğitim Alanı;10.06.2026 21:00;
SNC-0153;SNV-0008;EĞT-0011;Depremde Arama ve Kurtarma Eğitimi;GNL-0072;Emre Özdemir;Girdi;43;100;60;Kaldı;Elazığ;Elazığ Saha Eğitim Alanı;10.06.2026 21:00;
SNC-0154;SNV-0008;EĞT-0011;Depremde Arama ve Kurtarma Eğitimi;GNL-0074;Ayşe Özdemir;Girdi;43;100;60;Kaldı;Elazığ;Elazığ Saha Eğitim Alanı;10.06.2026 21:00;
SNC-0155;SNV-0009;EĞT-0013;Haberleşme Eğitimi;GNL-0040;Selin Özdemir;Girdi;75;100;60;Geçti;Adıyaman;Adıyaman Eğitim Merkezi;23.02.2026 18:00;
SNC-0156;SNV-0009;EĞT-0013;Haberleşme Eğitimi;GNL-0010;Hakan Doğan;Girdi;85;100;60;Geçti;Adıyaman;Adıyaman Eğitim Merkezi;23.02.2026 18:00;
SNC-0157;SNV-0009;EĞT-0013;Haberleşme Eğitimi;GNL-0034;Onur Aydın;Girdi;61;100;60;Geçti;Adıyaman;Adıyaman Eğitim Merkezi;23.02.2026 18:00;
SNC-0158;SNV-0009;EĞT-0013;Haberleşme Eğitimi;GNL-0065;Aslı Polat;Girdi;83;100;60;Geçti;Adıyaman;Adıyaman Eğitim Merkezi;23.02.2026 18:00;
SNC-0159;SNV-0009;EĞT-0013;Haberleşme Eğitimi;GNL-0046;Barış Yıldız;Girdi;95;100;60;Geçti;Adıyaman;Adıyaman Eğitim Merkezi;23.02.2026 18:00;
SNC-0160;SNV-0009;EĞT-0013;Haberleşme Eğitimi;GNL-0035;Zeynep Polat;Girdi;69;100;60;Geçti;Adıyaman;Adıyaman Eğitim Merkezi;23.02.2026 18:00;
SNC-0161;SNV-0009;EĞT-0013;Haberleşme Eğitimi;GNL-0038;Ayşe Kılıç;Girdi;61;100;60;Geçti;Adıyaman;Adıyaman Eğitim Merkezi;23.02.2026 18:00;
SNC-0162;SNV-0009;EĞT-0013;Haberleşme Eğitimi;GNL-0042;Elif Çetin;Girdi;82;100;60;Geçti;Adıyaman;Adıyaman Eğitim Merkezi;23.02.2026 18:00;
SNC-0163;SNV-0009;EĞT-0013;Haberleşme Eğitimi;GNL-0048;Mert Polat;Girdi;72;100;60;Geçti;Adıyaman;Adıyaman Eğitim Merkezi;23.02.2026 18:00;
SNC-0164;SNV-0009;EĞT-0013;Haberleşme Eğitimi;GNL-0021;Burak Öztürk;Girdi;100;100;60;Geçti;Adıyaman;Adıyaman Eğitim Merkezi;23.02.2026 18:00;
SNC-0165;SNV-0009;EĞT-0013;Haberleşme Eğitimi;GNL-0057;Emre Doğan;Girdi;95;100;60;Geçti;Adıyaman;Adıyaman Eğitim Merkezi;23.02.2026 18:00;
SNC-0166;SNV-0009;EĞT-0013;Haberleşme Eğitimi;GNL-0009;Selin Aslan;Girdi;60;100;60;Geçti;Adıyaman;Adıyaman Eğitim Merkezi;23.02.2026 18:00;
SNC-0167;SNV-0009;EĞT-0013;Haberleşme Eğitimi;GNL-0015;Furkan Öztürk;Girdi;99;100;60;Geçti;Adıyaman;Adıyaman Eğitim Merkezi;23.02.2026 18:00;
SNC-0168;SNV-0009;EĞT-0013;Haberleşme Eğitimi;GNL-0073;Pelin Yılmaz;Girdi;77;100;60;Geçti;Adıyaman;Adıyaman Eğitim Merkezi;23.02.2026 18:00;
SNC-0169;SNV-0009;EĞT-0013;Haberleşme Eğitimi;GNL-0066;Barış Kaya;Girdi;58;100;60;Kaldı;Adıyaman;Adıyaman Eğitim Merkezi;23.02.2026 18:00;
SNC-0170;SNV-0009;EĞT-0013;Haberleşme Eğitimi;GNL-0053;Tolga Kurt;Girdi;60;100;60;Geçti;Adıyaman;Adıyaman Eğitim Merkezi;23.02.2026 18:00;
SNC-0171;SNV-0009;EĞT-0013;Haberleşme Eğitimi;GNL-0071;Hakan Aslan;Girdi;38;100;60;Kaldı;Adıyaman;Adıyaman Eğitim Merkezi;23.02.2026 18:00;
SNC-0172;SNV-0009;EĞT-0013;Haberleşme Eğitimi;GNL-0004;Umut Doğan;Girdi;92;100;60;Geçti;Adıyaman;Adıyaman Eğitim Merkezi;23.02.2026 18:00;
SNC-0173;SNV-0009;EĞT-0013;Haberleşme Eğitimi;GNL-0080;Buse Kaya;Girdi;98;100;60;Geçti;Adıyaman;Adıyaman Eğitim Merkezi;23.02.2026 18:00;
SNC-0174;SNV-0009;EĞT-0013;Haberleşme Eğitimi;GNL-0059;Tuğçe Doğan;Girdi;48;100;60;Kaldı;Adıyaman;Adıyaman Eğitim Merkezi;23.02.2026 18:00;
SNC-0175;SNV-0009;EĞT-0013;Haberleşme Eğitimi;GNL-0043;Nazlı Doğan;Girdi;79;100;60;Geçti;Adıyaman;Adıyaman Eğitim Merkezi;23.02.2026 18:00;
SNC-0176;SNV-0009;EĞT-0013;Haberleşme Eğitimi;GNL-0070;Pelin Aksoy;Girmedi;;100;60;Değerlendirilmedi;Adıyaman;Adıyaman Eğitim Merkezi;23.02.2026 18:00;
SNC-0177;SNV-0009;EĞT-0013;Haberleşme Eğitimi;GNL-0067;Emre Öztürk;Girdi;81;100;60;Geçti;Adıyaman;Adıyaman Eğitim Merkezi;23.02.2026 18:00;
SNC-0178;SNV-0009;EĞT-0013;Haberleşme Eğitimi;GNL-0045;Can Aksoy;Girdi;92;100;60;Geçti;Adıyaman;Adıyaman Eğitim Merkezi;23.02.2026 18:00;
SNC-0179;SNV-0009;EĞT-0013;Haberleşme Eğitimi;GNL-0078;Mert Kara;Girdi;50;100;60;Kaldı;Adıyaman;Adıyaman Eğitim Merkezi;23.02.2026 18:00;
SNC-0180;SNV-0009;EĞT-0013;Haberleşme Eğitimi;GNL-0032;Selin Aslan;Girdi;56;100;60;Kaldı;Adıyaman;Adıyaman Eğitim Merkezi;23.02.2026 18:00;
SNC-0181;SNV-0009;EĞT-0013;Haberleşme Eğitimi;GNL-0069;Elif Çelik;Girdi;96;100;60;Geçti;Adıyaman;Adıyaman Eğitim Merkezi;23.02.2026 18:00;
SNC-0182;SNV-0009;EĞT-0013;Haberleşme Eğitimi;GNL-0058;Melis Kılıç;Girdi;43;100;60;Kaldı;Adıyaman;Adıyaman Eğitim Merkezi;23.02.2026 18:00;
SNC-0183;SNV-0010;EĞT-0014;Haberleşme Eğitimi;GNL-0047;Umut Şahin;Girdi;94;100;60;Geçti;İstanbul;İstanbul AFAD Salonu;22.01.2026 17:00;
SNC-0184;SNV-0010;EĞT-0014;Haberleşme Eğitimi;GNL-0055;İrem Çelik;Girdi;54;100;60;Kaldı;İstanbul;İstanbul AFAD Salonu;22.01.2026 17:00;
SNC-0185;SNV-0010;EĞT-0014;Haberleşme Eğitimi;GNL-0069;Elif Çelik;Girdi;71;100;60;Geçti;İstanbul;İstanbul AFAD Salonu;22.01.2026 17:00;
SNC-0186;SNV-0010;EĞT-0014;Haberleşme Eğitimi;GNL-0037;Onur Aslan;Girdi;43;100;60;Kaldı;İstanbul;İstanbul AFAD Salonu;22.01.2026 17:00;
SNC-0187;SNV-0010;EĞT-0014;Haberleşme Eğitimi;GNL-0013;Mert Aksoy;Girdi;67;100;60;Geçti;İstanbul;İstanbul AFAD Salonu;22.01.2026 17:00;
SNC-0188;SNV-0010;EĞT-0014;Haberleşme Eğitimi;GNL-0004;Umut Doğan;Girdi;91;100;60;Geçti;İstanbul;İstanbul AFAD Salonu;22.01.2026 17:00;
SNC-0189;SNV-0010;EĞT-0014;Haberleşme Eğitimi;GNL-0060;Ceren Aydın;Girdi;52;100;60;Kaldı;İstanbul;İstanbul AFAD Salonu;22.01.2026 17:00;
SNC-0190;SNV-0010;EĞT-0014;Haberleşme Eğitimi;GNL-0057;Emre Doğan;Girdi;46;100;60;Kaldı;İstanbul;İstanbul AFAD Salonu;22.01.2026 17:00;
SNC-0191;SNV-0010;EĞT-0014;Haberleşme Eğitimi;GNL-0066;Barış Kaya;Girmedi;;100;60;Değerlendirilmedi;İstanbul;İstanbul AFAD Salonu;22.01.2026 17:00;
SNC-0192;SNV-0010;EĞT-0014;Haberleşme Eğitimi;GNL-0007;Elif Çelik;Girdi;61;100;60;Geçti;İstanbul;İstanbul AFAD Salonu;22.01.2026 17:00;
SNC-0193;SNV-0010;EĞT-0014;Haberleşme Eğitimi;GNL-0076;Elif Şimşek;Girdi;88;100;60;Geçti;İstanbul;İstanbul AFAD Salonu;22.01.2026 17:00;
SNC-0194;SNV-0010;EĞT-0014;Haberleşme Eğitimi;GNL-0056;Umut Şahin;Girdi;61;100;60;Geçti;İstanbul;İstanbul AFAD Salonu;22.01.2026 17:00;
SNC-0195;SNV-0010;EĞT-0014;Haberleşme Eğitimi;GNL-0068;Buse Aydın;Girdi;60;100;60;Geçti;İstanbul;İstanbul AFAD Salonu;22.01.2026 17:00;
SNC-0196;SNV-0010;EĞT-0014;Haberleşme Eğitimi;GNL-0031;Hakan Yıldız;Girdi;68;100;60;Geçti;İstanbul;İstanbul AFAD Salonu;22.01.2026 17:00;
SNC-0197;SNV-0011;EĞT-0015;Navigasyon Eğitimi;GNL-0013;Mert Aksoy;Girdi;65;100;60;Geçti;Şanlıurfa;Şanlıurfa Eğitim Merkezi;03.06.2026 18:00;
SNC-0198;SNV-0011;EĞT-0015;Navigasyon Eğitimi;GNL-0073;Pelin Yılmaz;Girdi;62;100;60;Geçti;Şanlıurfa;Şanlıurfa Eğitim Merkezi;03.06.2026 18:00;
SNC-0199;SNV-0011;EĞT-0015;Navigasyon Eğitimi;GNL-0032;Selin Aslan;Girdi;51;100;60;Kaldı;Şanlıurfa;Şanlıurfa Eğitim Merkezi;03.06.2026 18:00;
SNC-0200;SNV-0011;EĞT-0015;Navigasyon Eğitimi;GNL-0042;Elif Çetin;Girdi;36;100;60;Kaldı;Şanlıurfa;Şanlıurfa Eğitim Merkezi;03.06.2026 18:00;
SNC-0201;SNV-0011;EĞT-0015;Navigasyon Eğitimi;GNL-0080;Buse Kaya;Girdi;78;100;60;Geçti;Şanlıurfa;Şanlıurfa Eğitim Merkezi;03.06.2026 18:00;
SNC-0202;SNV-0011;EĞT-0015;Navigasyon Eğitimi;GNL-0062;Mehmet Aksoy;Girdi;54;100;60;Kaldı;Şanlıurfa;Şanlıurfa Eğitim Merkezi;03.06.2026 18:00;
SNC-0203;SNV-0011;EĞT-0015;Navigasyon Eğitimi;GNL-0040;Selin Özdemir;Girdi;46;100;60;Kaldı;Şanlıurfa;Şanlıurfa Eğitim Merkezi;03.06.2026 18:00;
SNC-0204;SNV-0011;EĞT-0015;Navigasyon Eğitimi;GNL-0068;Buse Aydın;Girdi;86;100;60;Geçti;Şanlıurfa;Şanlıurfa Eğitim Merkezi;03.06.2026 18:00;
SNC-0205;SNV-0011;EĞT-0015;Navigasyon Eğitimi;GNL-0028;Hakan Şahin;Girdi;79;100;60;Geçti;Şanlıurfa;Şanlıurfa Eğitim Merkezi;03.06.2026 18:00;
SNC-0206;SNV-0011;EĞT-0015;Navigasyon Eğitimi;GNL-0056;Umut Şahin;Girdi;51;100;60;Kaldı;Şanlıurfa;Şanlıurfa Eğitim Merkezi;03.06.2026 18:00;
SNC-0207;SNV-0011;EĞT-0015;Navigasyon Eğitimi;GNL-0059;Tuğçe Doğan;Girdi;74;100;60;Geçti;Şanlıurfa;Şanlıurfa Eğitim Merkezi;03.06.2026 18:00;
SNC-0208;SNV-0011;EĞT-0015;Navigasyon Eğitimi;GNL-0060;Ceren Aydın;Girdi;48;100;60;Kaldı;Şanlıurfa;Şanlıurfa Eğitim Merkezi;03.06.2026 18:00;
SNC-0209;SNV-0011;EĞT-0015;Navigasyon Eğitimi;GNL-0067;Emre Öztürk;Girdi;95;100;60;Geçti;Şanlıurfa;Şanlıurfa Eğitim Merkezi;03.06.2026 18:00;
SNC-0210;SNV-0011;EĞT-0015;Navigasyon Eğitimi;GNL-0017;Pelin Aydın;Girdi;82;100;60;Geçti;Şanlıurfa;Şanlıurfa Eğitim Merkezi;03.06.2026 18:00;
SNC-0211;SNV-0011;EĞT-0015;Navigasyon Eğitimi;GNL-0016;Ece Doğan;Girdi;81;100;60;Geçti;Şanlıurfa;Şanlıurfa Eğitim Merkezi;03.06.2026 18:00;
SNC-0212;SNV-0011;EĞT-0015;Navigasyon Eğitimi;GNL-0001;Tolga Öztürk;Girdi;52;100;60;Kaldı;Şanlıurfa;Şanlıurfa Eğitim Merkezi;03.06.2026 18:00;
SNC-0213;SNV-0011;EĞT-0015;Navigasyon Eğitimi;GNL-0048;Mert Polat;Girdi;66;100;60;Geçti;Şanlıurfa;Şanlıurfa Eğitim Merkezi;03.06.2026 18:00;
SNC-0214;SNV-0011;EĞT-0015;Navigasyon Eğitimi;GNL-0070;Pelin Aksoy;Girdi;71;100;60;Geçti;Şanlıurfa;Şanlıurfa Eğitim Merkezi;03.06.2026 18:00;
SNC-0215;SNV-0011;EĞT-0015;Navigasyon Eğitimi;GNL-0046;Barış Yıldız;Girdi;50;100;60;Kaldı;Şanlıurfa;Şanlıurfa Eğitim Merkezi;03.06.2026 18:00;
SNC-0216;SNV-0011;EĞT-0015;Navigasyon Eğitimi;GNL-0033;Ece Özdemir;Girdi;72;100;60;Geçti;Şanlıurfa;Şanlıurfa Eğitim Merkezi;03.06.2026 18:00;
SNC-0217;SNV-0011;EĞT-0015;Navigasyon Eğitimi;GNL-0020;Zeynep Kaya;Girdi;61;100;60;Geçti;Şanlıurfa;Şanlıurfa Eğitim Merkezi;03.06.2026 18:00;
SNC-0218;SNV-0011;EĞT-0015;Navigasyon Eğitimi;GNL-0012;Elif Kara;Girdi;67;100;60;Geçti;Şanlıurfa;Şanlıurfa Eğitim Merkezi;03.06.2026 18:00;
SNC-0219;SNV-0011;EĞT-0015;Navigasyon Eğitimi;GNL-0053;Tolga Kurt;Girdi;61;100;60;Geçti;Şanlıurfa;Şanlıurfa Eğitim Merkezi;03.06.2026 18:00;
SNC-0220;SNV-0011;EĞT-0015;Navigasyon Eğitimi;GNL-0007;Elif Çelik;Girdi;59;100;60;Kaldı;Şanlıurfa;Şanlıurfa Eğitim Merkezi;03.06.2026 18:00;
SNC-0221;SNV-0011;EĞT-0015;Navigasyon Eğitimi;GNL-0064;Hakan Aslan;Girmedi;;100;60;Değerlendirilmedi;Şanlıurfa;Şanlıurfa Eğitim Merkezi;03.06.2026 18:00;
SNC-0222;SNV-0011;EĞT-0015;Navigasyon Eğitimi;GNL-0047;Umut Şahin;Girdi;88;100;60;Geçti;Şanlıurfa;Şanlıurfa Eğitim Merkezi;03.06.2026 18:00;
SNC-0223;SNV-0011;EĞT-0015;Navigasyon Eğitimi;GNL-0078;Mert Kara;Girdi;95;100;60;Geçti;Şanlıurfa;Şanlıurfa Eğitim Merkezi;03.06.2026 18:00;
SNC-0224;SNV-0011;EĞT-0015;Navigasyon Eğitimi;GNL-0021;Burak Öztürk;Girdi;91;100;60;Geçti;Şanlıurfa;Şanlıurfa Eğitim Merkezi;03.06.2026 18:00;
SNC-0225;SNV-0012;EĞT-0016;Yangın Farkındalık Eğitimi;GNL-0069;Elif Çelik;Girdi;60;100;60;Geçti;Kayseri;Kayseri Koordinasyon Merkezi;16.07.2026 21:00;
SNC-0226;SNV-0012;EĞT-0016;Yangın Farkındalık Eğitimi;GNL-0025;Furkan Şahin;Girdi;72;100;60;Geçti;Kayseri;Kayseri Koordinasyon Merkezi;16.07.2026 21:00;
SNC-0227;SNV-0012;EĞT-0016;Yangın Farkındalık Eğitimi;GNL-0041;Selin Polat;Girdi;55;100;60;Kaldı;Kayseri;Kayseri Koordinasyon Merkezi;16.07.2026 21:00;
SNC-0228;SNV-0012;EĞT-0016;Yangın Farkındalık Eğitimi;GNL-0063;Derya Kaya;Girdi;94;100;60;Geçti;Kayseri;Kayseri Koordinasyon Merkezi;16.07.2026 21:00;
SNC-0229;SNV-0012;EĞT-0016;Yangın Farkındalık Eğitimi;GNL-0071;Hakan Aslan;Girdi;52;100;60;Kaldı;Kayseri;Kayseri Koordinasyon Merkezi;16.07.2026 21:00;
SNC-0230;SNV-0012;EĞT-0016;Yangın Farkındalık Eğitimi;GNL-0042;Elif Çetin;Girdi;55;100;60;Kaldı;Kayseri;Kayseri Koordinasyon Merkezi;16.07.2026 21:00;
SNC-0231;SNV-0012;EĞT-0016;Yangın Farkındalık Eğitimi;GNL-0018;Derya Aksoy;Girdi;62;100;60;Geçti;Kayseri;Kayseri Koordinasyon Merkezi;16.07.2026 21:00;
SNC-0232;SNV-0012;EĞT-0016;Yangın Farkındalık Eğitimi;GNL-0070;Pelin Aksoy;Girdi;54;100;60;Kaldı;Kayseri;Kayseri Koordinasyon Merkezi;16.07.2026 21:00;
SNC-0233;SNV-0012;EĞT-0016;Yangın Farkındalık Eğitimi;GNL-0065;Aslı Polat;Girdi;60;100;60;Geçti;Kayseri;Kayseri Koordinasyon Merkezi;16.07.2026 21:00;
SNC-0234;SNV-0012;EĞT-0016;Yangın Farkındalık Eğitimi;GNL-0050;Hakan Özdemir;Girdi;53;100;60;Kaldı;Kayseri;Kayseri Koordinasyon Merkezi;16.07.2026 21:00;
SNC-0235;SNV-0012;EĞT-0016;Yangın Farkındalık Eğitimi;GNL-0066;Barış Kaya;Girdi;74;100;60;Geçti;Kayseri;Kayseri Koordinasyon Merkezi;16.07.2026 21:00;
SNC-0236;SNV-0012;EĞT-0016;Yangın Farkındalık Eğitimi;GNL-0013;Mert Aksoy;Girdi;62;100;60;Geçti;Kayseri;Kayseri Koordinasyon Merkezi;16.07.2026 21:00;
SNC-0237;SNV-0012;EĞT-0016;Yangın Farkındalık Eğitimi;GNL-0058;Melis Kılıç;Girdi;38;100;60;Kaldı;Kayseri;Kayseri Koordinasyon Merkezi;16.07.2026 21:00;
SNC-0238;SNV-0012;EĞT-0016;Yangın Farkındalık Eğitimi;GNL-0067;Emre Öztürk;Girdi;85;100;60;Geçti;Kayseri;Kayseri Koordinasyon Merkezi;16.07.2026 21:00;
SNC-0239;SNV-0012;EĞT-0016;Yangın Farkındalık Eğitimi;GNL-0027;Nazlı Kara;Girdi;43;100;60;Kaldı;Kayseri;Kayseri Koordinasyon Merkezi;16.07.2026 21:00;
SNC-0240;SNV-0013;EĞT-0021;Enkazda Arama ve Kurtarma Temel Eğitimi;GNL-0041;Selin Polat;Girdi;79;100;60;Geçti;Sivas;Sivas AFAD Salonu;05.02.2026 17:00;
SNC-0241;SNV-0013;EĞT-0021;Enkazda Arama ve Kurtarma Temel Eğitimi;GNL-0050;Hakan Özdemir;Girdi;95;100;60;Geçti;Sivas;Sivas AFAD Salonu;05.02.2026 17:00;
SNC-0242;SNV-0013;EĞT-0021;Enkazda Arama ve Kurtarma Temel Eğitimi;GNL-0024;Melis Yılmaz;Girdi;48;100;60;Kaldı;Sivas;Sivas AFAD Salonu;05.02.2026 17:00;
SNC-0243;SNV-0013;EĞT-0021;Enkazda Arama ve Kurtarma Temel Eğitimi;GNL-0072;Emre Özdemir;Girdi;87;100;60;Geçti;Sivas;Sivas AFAD Salonu;05.02.2026 17:00;
SNC-0244;SNV-0013;EĞT-0021;Enkazda Arama ve Kurtarma Temel Eğitimi;GNL-0007;Elif Çelik;Girdi;98;100;60;Geçti;Sivas;Sivas AFAD Salonu;05.02.2026 17:00;
SNC-0245;SNV-0013;EĞT-0021;Enkazda Arama ve Kurtarma Temel Eğitimi;GNL-0016;Ece Doğan;Girdi;64;100;60;Geçti;Sivas;Sivas AFAD Salonu;05.02.2026 17:00;
SNC-0246;SNV-0013;EĞT-0021;Enkazda Arama ve Kurtarma Temel Eğitimi;GNL-0004;Umut Doğan;Girdi;95;100;60;Geçti;Sivas;Sivas AFAD Salonu;05.02.2026 17:00;
SNC-0247;SNV-0013;EĞT-0021;Enkazda Arama ve Kurtarma Temel Eğitimi;GNL-0025;Furkan Şahin;Girdi;74;100;60;Geçti;Sivas;Sivas AFAD Salonu;05.02.2026 17:00;
SNC-0248;SNV-0013;EĞT-0021;Enkazda Arama ve Kurtarma Temel Eğitimi;GNL-0018;Derya Aksoy;Girdi;75;100;60;Geçti;Sivas;Sivas AFAD Salonu;05.02.2026 17:00;
SNC-0249;SNV-0013;EĞT-0021;Enkazda Arama ve Kurtarma Temel Eğitimi;GNL-0047;Umut Şahin;Girdi;89;100;60;Geçti;Sivas;Sivas AFAD Salonu;05.02.2026 17:00;
SNC-0250;SNV-0013;EĞT-0021;Enkazda Arama ve Kurtarma Temel Eğitimi;GNL-0073;Pelin Yılmaz;Girdi;67;100;60;Geçti;Sivas;Sivas AFAD Salonu;05.02.2026 17:00;
SNC-0251;SNV-0013;EĞT-0021;Enkazda Arama ve Kurtarma Temel Eğitimi;GNL-0030;Hakan Çetin;Girdi;39;100;60;Kaldı;Sivas;Sivas AFAD Salonu;05.02.2026 17:00;
SNC-0252;SNV-0013;EĞT-0021;Enkazda Arama ve Kurtarma Temel Eğitimi;GNL-0002;Mert Yıldız;Girdi;40;100;60;Kaldı;Sivas;Sivas AFAD Salonu;05.02.2026 17:00;
SNC-0253;SNV-0013;EĞT-0021;Enkazda Arama ve Kurtarma Temel Eğitimi;GNL-0069;Elif Çelik;Girdi;85;100;60;Geçti;Sivas;Sivas AFAD Salonu;05.02.2026 17:00;
SNC-0254;SNV-0013;EĞT-0021;Enkazda Arama ve Kurtarma Temel Eğitimi;GNL-0001;Tolga Öztürk;Girdi;67;100;60;Geçti;Sivas;Sivas AFAD Salonu;05.02.2026 17:00;
SNC-0255;SNV-0013;EĞT-0021;Enkazda Arama ve Kurtarma Temel Eğitimi;GNL-0015;Furkan Öztürk;Girdi;56;100;60;Kaldı;Sivas;Sivas AFAD Salonu;05.02.2026 17:00;
SNC-0256;SNV-0013;EĞT-0021;Enkazda Arama ve Kurtarma Temel Eğitimi;GNL-0053;Tolga Kurt;Girdi;71;100;60;Geçti;Sivas;Sivas AFAD Salonu;05.02.2026 17:00;
SNC-0257;SNV-0013;EĞT-0021;Enkazda Arama ve Kurtarma Temel Eğitimi;GNL-0043;Nazlı Doğan;Girmedi;;100;60;Değerlendirilmedi;Sivas;Sivas AFAD Salonu;05.02.2026 17:00;
SNC-0258;SNV-0013;EĞT-0021;Enkazda Arama ve Kurtarma Temel Eğitimi;GNL-0071;Hakan Aslan;Girdi;37;100;60;Kaldı;Sivas;Sivas AFAD Salonu;05.02.2026 17:00;
SNC-0259;SNV-0013;EĞT-0021;Enkazda Arama ve Kurtarma Temel Eğitimi;GNL-0059;Tuğçe Doğan;Girdi;84;100;60;Geçti;Sivas;Sivas AFAD Salonu;05.02.2026 17:00;
SNC-0260;SNV-0013;EĞT-0021;Enkazda Arama ve Kurtarma Temel Eğitimi;GNL-0056;Umut Şahin;Girdi;35;100;60;Kaldı;Sivas;Sivas AFAD Salonu;05.02.2026 17:00;
SNC-0261;SNV-0013;EĞT-0021;Enkazda Arama ve Kurtarma Temel Eğitimi;GNL-0068;Buse Aydın;Girdi;42;100;60;Kaldı;Sivas;Sivas AFAD Salonu;05.02.2026 17:00;
SNC-0262;SNV-0013;EĞT-0021;Enkazda Arama ve Kurtarma Temel Eğitimi;GNL-0022;Elif Çetin;Girdi;90;100;60;Geçti;Sivas;Sivas AFAD Salonu;05.02.2026 17:00;
SNC-0263;SNV-0014;EĞT-0023;Afet Farkındalık Eğitimi;GNL-0009;Selin Aslan;Girdi;54;100;60;Kaldı;Adana;Adana AFAD Salonu;29.04.2026 17:00;
SNC-0264;SNV-0014;EĞT-0023;Afet Farkındalık Eğitimi;GNL-0071;Hakan Aslan;Girdi;85;100;60;Geçti;Adana;Adana AFAD Salonu;29.04.2026 17:00;
SNC-0265;SNV-0014;EĞT-0023;Afet Farkındalık Eğitimi;GNL-0021;Burak Öztürk;Girdi;49;100;60;Kaldı;Adana;Adana AFAD Salonu;29.04.2026 17:00;
SNC-0266;SNV-0014;EĞT-0023;Afet Farkındalık Eğitimi;GNL-0074;Ayşe Özdemir;Girdi;99;100;60;Geçti;Adana;Adana AFAD Salonu;29.04.2026 17:00;
SNC-0267;SNV-0014;EĞT-0023;Afet Farkındalık Eğitimi;GNL-0022;Elif Çetin;Girdi;66;100;60;Geçti;Adana;Adana AFAD Salonu;29.04.2026 17:00;
SNC-0268;SNV-0014;EĞT-0023;Afet Farkındalık Eğitimi;GNL-0051;Melis Çetin;Girdi;63;100;60;Geçti;Adana;Adana AFAD Salonu;29.04.2026 17:00;
SNC-0269;SNV-0014;EĞT-0023;Afet Farkındalık Eğitimi;GNL-0080;Buse Kaya;Girdi;80;100;60;Geçti;Adana;Adana AFAD Salonu;29.04.2026 17:00;
SNC-0270;SNV-0014;EĞT-0023;Afet Farkındalık Eğitimi;GNL-0006;Cem Şahin;Girdi;51;100;60;Kaldı;Adana;Adana AFAD Salonu;29.04.2026 17:00;
SNC-0271;SNV-0014;EĞT-0023;Afet Farkındalık Eğitimi;GNL-0076;Elif Şimşek;Girdi;83;100;60;Geçti;Adana;Adana AFAD Salonu;29.04.2026 17:00;
SNC-0272;SNV-0014;EĞT-0023;Afet Farkındalık Eğitimi;GNL-0057;Emre Doğan;Girmedi;;100;60;Değerlendirilmedi;Adana;Adana AFAD Salonu;29.04.2026 17:00;
SNC-0273;SNV-0014;EĞT-0023;Afet Farkındalık Eğitimi;GNL-0034;Onur Aydın;Girdi;55;100;60;Kaldı;Adana;Adana AFAD Salonu;29.04.2026 17:00;
SNC-0274;SNV-0014;EĞT-0023;Afet Farkındalık Eğitimi;GNL-0016;Ece Doğan;Girdi;64;100;60;Geçti;Adana;Adana AFAD Salonu;29.04.2026 17:00;
SNC-0275;SNV-0014;EĞT-0023;Afet Farkındalık Eğitimi;GNL-0026;Pelin Şahin;Girdi;83;100;60;Geçti;Adana;Adana AFAD Salonu;29.04.2026 17:00;
SNC-0276;SNV-0014;EĞT-0023;Afet Farkındalık Eğitimi;GNL-0010;Hakan Doğan;Girdi;57;100;60;Kaldı;Adana;Adana AFAD Salonu;29.04.2026 17:00;
SNC-0277;SNV-0014;EĞT-0023;Afet Farkındalık Eğitimi;GNL-0008;Ayşe Aydın;Girdi;98;100;60;Geçti;Adana;Adana AFAD Salonu;29.04.2026 17:00;
SNC-0278;SNV-0014;EĞT-0023;Afet Farkındalık Eğitimi;GNL-0030;Hakan Çetin;Girdi;81;100;60;Geçti;Adana;Adana AFAD Salonu;29.04.2026 17:00;
SNC-0279;SNV-0014;EĞT-0023;Afet Farkındalık Eğitimi;GNL-0067;Emre Öztürk;Girdi;37;100;60;Kaldı;Adana;Adana AFAD Salonu;29.04.2026 17:00;
SNC-0280;SNV-0014;EĞT-0023;Afet Farkındalık Eğitimi;GNL-0036;Ayşe Şimşek;Girdi;87;100;60;Geçti;Adana;Adana AFAD Salonu;29.04.2026 17:00;
SNC-0281;SNV-0014;EĞT-0023;Afet Farkındalık Eğitimi;GNL-0005;Aslı Yıldız;Girdi;78;100;60;Geçti;Adana;Adana AFAD Salonu;29.04.2026 17:00;
SNC-0282;SNV-0014;EĞT-0023;Afet Farkındalık Eğitimi;GNL-0012;Elif Kara;Girdi;81;100;60;Geçti;Adana;Adana AFAD Salonu;29.04.2026 17:00;
SNC-0283;SNV-0014;EĞT-0023;Afet Farkındalık Eğitimi;GNL-0027;Nazlı Kara;Girdi;51;100;60;Kaldı;Adana;Adana AFAD Salonu;29.04.2026 17:00;
SNC-0284;SNV-0014;EĞT-0023;Afet Farkındalık Eğitimi;GNL-0064;Hakan Aslan;Girdi;86;100;60;Geçti;Adana;Adana AFAD Salonu;29.04.2026 17:00;
SNC-0285;SNV-0014;EĞT-0023;Afet Farkındalık Eğitimi;GNL-0055;İrem Çelik;Girdi;75;100;60;Geçti;Adana;Adana AFAD Salonu;29.04.2026 17:00;
SNC-0286;SNV-0014;EĞT-0023;Afet Farkındalık Eğitimi;GNL-0040;Selin Özdemir;Girdi;38;100;60;Kaldı;Adana;Adana AFAD Salonu;29.04.2026 17:00;
SNC-0287;SNV-0014;EĞT-0023;Afet Farkındalık Eğitimi;GNL-0019;Melis Öztürk;Girdi;65;100;60;Geçti;Adana;Adana AFAD Salonu;29.04.2026 17:00;
SNC-0288;SNV-0014;EĞT-0023;Afet Farkındalık Eğitimi;GNL-0070;Pelin Aksoy;Girdi;98;100;60;Geçti;Adana;Adana AFAD Salonu;29.04.2026 17:00;
SNC-0289;SNV-0015;EĞT-0024;Depremde Arama ve Kurtarma Eğitimi;GNL-0076;Elif Şimşek;Girdi;73;100;60;Geçti;Mardin;Mardin AFAD Salonu;25.02.2026 17:00;
SNC-0290;SNV-0015;EĞT-0024;Depremde Arama ve Kurtarma Eğitimi;GNL-0048;Mert Polat;Girdi;54;100;60;Kaldı;Mardin;Mardin AFAD Salonu;25.02.2026 17:00;
SNC-0291;SNV-0015;EĞT-0024;Depremde Arama ve Kurtarma Eğitimi;GNL-0059;Tuğçe Doğan;Girdi;69;100;60;Geçti;Mardin;Mardin AFAD Salonu;25.02.2026 17:00;
SNC-0292;SNV-0015;EĞT-0024;Depremde Arama ve Kurtarma Eğitimi;GNL-0046;Barış Yıldız;Girmedi;;100;60;Değerlendirilmedi;Mardin;Mardin AFAD Salonu;25.02.2026 17:00;
SNC-0293;SNV-0015;EĞT-0024;Depremde Arama ve Kurtarma Eğitimi;GNL-0074;Ayşe Özdemir;Girdi;38;100;60;Kaldı;Mardin;Mardin AFAD Salonu;25.02.2026 17:00;
SNC-0294;SNV-0015;EĞT-0024;Depremde Arama ve Kurtarma Eğitimi;GNL-0062;Mehmet Aksoy;Girdi;42;100;60;Kaldı;Mardin;Mardin AFAD Salonu;25.02.2026 17:00;
SNC-0295;SNV-0015;EĞT-0024;Depremde Arama ve Kurtarma Eğitimi;GNL-0035;Zeynep Polat;Girdi;84;100;60;Geçti;Mardin;Mardin AFAD Salonu;25.02.2026 17:00;
SNC-0296;SNV-0015;EĞT-0024;Depremde Arama ve Kurtarma Eğitimi;GNL-0065;Aslı Polat;Girdi;87;100;60;Geçti;Mardin;Mardin AFAD Salonu;25.02.2026 17:00;
SNC-0297;SNV-0015;EĞT-0024;Depremde Arama ve Kurtarma Eğitimi;GNL-0002;Mert Yıldız;Girdi;36;100;60;Kaldı;Mardin;Mardin AFAD Salonu;25.02.2026 17:00;
SNC-0298;SNV-0015;EĞT-0024;Depremde Arama ve Kurtarma Eğitimi;GNL-0004;Umut Doğan;Girdi;44;100;60;Kaldı;Mardin;Mardin AFAD Salonu;25.02.2026 17:00;
SNC-0299;SNV-0015;EĞT-0024;Depremde Arama ve Kurtarma Eğitimi;GNL-0053;Tolga Kurt;Girdi;79;100;60;Geçti;Mardin;Mardin AFAD Salonu;25.02.2026 17:00;
SNC-0300;SNV-0015;EĞT-0024;Depremde Arama ve Kurtarma Eğitimi;GNL-0078;Mert Kara;Girmedi;;100;60;Değerlendirilmedi;Mardin;Mardin AFAD Salonu;25.02.2026 17:00;
SNC-0301;SNV-0015;EĞT-0024;Depremde Arama ve Kurtarma Eğitimi;GNL-0067;Emre Öztürk;Girdi;46;100;60;Kaldı;Mardin;Mardin AFAD Salonu;25.02.2026 17:00;
SNC-0302;SNV-0015;EĞT-0024;Depremde Arama ve Kurtarma Eğitimi;GNL-0070;Pelin Aksoy;Girdi;65;100;60;Geçti;Mardin;Mardin AFAD Salonu;25.02.2026 17:00;
SNC-0303;SNV-0015;EĞT-0024;Depremde Arama ve Kurtarma Eğitimi;GNL-0040;Selin Özdemir;Girdi;91;100;60;Geçti;Mardin;Mardin AFAD Salonu;25.02.2026 17:00;
SNC-0304;SNV-0015;EĞT-0024;Depremde Arama ve Kurtarma Eğitimi;GNL-0045;Can Aksoy;Girdi;37;100;60;Kaldı;Mardin;Mardin AFAD Salonu;25.02.2026 17:00;
SNC-0305;SNV-0015;EĞT-0024;Depremde Arama ve Kurtarma Eğitimi;GNL-0042;Elif Çetin;Girdi;89;100;60;Geçti;Mardin;Mardin AFAD Salonu;25.02.2026 17:00;
SNC-0306;SNV-0015;EĞT-0024;Depremde Arama ve Kurtarma Eğitimi;GNL-0057;Emre Doğan;Girdi;72;100;60;Geçti;Mardin;Mardin AFAD Salonu;25.02.2026 17:00;
SNC-0307;SNV-0015;EĞT-0024;Depremde Arama ve Kurtarma Eğitimi;GNL-0021;Burak Öztürk;Girdi;39;100;60;Kaldı;Mardin;Mardin AFAD Salonu;25.02.2026 17:00;
SNC-0308;SNV-0015;EĞT-0024;Depremde Arama ve Kurtarma Eğitimi;GNL-0018;Derya Aksoy;Girdi;44;100;60;Kaldı;Mardin;Mardin AFAD Salonu;25.02.2026 17:00;
SNC-0309;SNV-0015;EĞT-0024;Depremde Arama ve Kurtarma Eğitimi;GNL-0013;Mert Aksoy;Girdi;75;100;60;Geçti;Mardin;Mardin AFAD Salonu;25.02.2026 17:00;
SNC-0310;SNV-0015;EĞT-0024;Depremde Arama ve Kurtarma Eğitimi;GNL-0050;Hakan Özdemir;Girdi;40;100;60;Kaldı;Mardin;Mardin AFAD Salonu;25.02.2026 17:00;
SNC-0311;SNV-0015;EĞT-0024;Depremde Arama ve Kurtarma Eğitimi;GNL-0032;Selin Aslan;Girdi;70;100;60;Geçti;Mardin;Mardin AFAD Salonu;25.02.2026 17:00;
SNC-0312;SNV-0015;EĞT-0024;Depremde Arama ve Kurtarma Eğitimi;GNL-0023;İrem Aslan;Girdi;59;100;60;Kaldı;Mardin;Mardin AFAD Salonu;25.02.2026 17:00;
SNC-0313;SNV-0015;EĞT-0024;Depremde Arama ve Kurtarma Eğitimi;GNL-0036;Ayşe Şimşek;Girdi;40;100;60;Kaldı;Mardin;Mardin AFAD Salonu;25.02.2026 17:00;
SNC-0314;SNV-0015;EĞT-0024;Depremde Arama ve Kurtarma Eğitimi;GNL-0017;Pelin Aydın;Girdi;60;100;60;Geçti;Mardin;Mardin AFAD Salonu;25.02.2026 17:00;
SNC-0315;SNV-0016;EĞT-0027;Haberleşme Eğitimi;GNL-0073;Pelin Yılmaz;Girdi;91;100;60;Geçti;Diyarbakır;Diyarbakır Koordinasyon Merkezi;23.06.2026 18:00;
SNC-0316;SNV-0016;EĞT-0027;Haberleşme Eğitimi;GNL-0010;Hakan Doğan;Girdi;65;100;60;Geçti;Diyarbakır;Diyarbakır Koordinasyon Merkezi;23.06.2026 18:00;
SNC-0317;SNV-0016;EĞT-0027;Haberleşme Eğitimi;GNL-0067;Emre Öztürk;Girdi;61;100;60;Geçti;Diyarbakır;Diyarbakır Koordinasyon Merkezi;23.06.2026 18:00;
SNC-0318;SNV-0016;EĞT-0027;Haberleşme Eğitimi;GNL-0053;Tolga Kurt;Girdi;73;100;60;Geçti;Diyarbakır;Diyarbakır Koordinasyon Merkezi;23.06.2026 18:00;
SNC-0319;SNV-0016;EĞT-0027;Haberleşme Eğitimi;GNL-0046;Barış Yıldız;Girdi;47;100;60;Kaldı;Diyarbakır;Diyarbakır Koordinasyon Merkezi;23.06.2026 18:00;
SNC-0320;SNV-0016;EĞT-0027;Haberleşme Eğitimi;GNL-0072;Emre Özdemir;Girmedi;;100;60;Değerlendirilmedi;Diyarbakır;Diyarbakır Koordinasyon Merkezi;23.06.2026 18:00;
SNC-0321;SNV-0016;EĞT-0027;Haberleşme Eğitimi;GNL-0048;Mert Polat;Girdi;36;100;60;Kaldı;Diyarbakır;Diyarbakır Koordinasyon Merkezi;23.06.2026 18:00;
SNC-0322;SNV-0016;EĞT-0027;Haberleşme Eğitimi;GNL-0078;Mert Kara;Girdi;62;100;60;Geçti;Diyarbakır;Diyarbakır Koordinasyon Merkezi;23.06.2026 18:00;
SNC-0323;SNV-0016;EĞT-0027;Haberleşme Eğitimi;GNL-0036;Ayşe Şimşek;Girdi;40;100;60;Kaldı;Diyarbakır;Diyarbakır Koordinasyon Merkezi;23.06.2026 18:00;
SNC-0324;SNV-0016;EĞT-0027;Haberleşme Eğitimi;GNL-0042;Elif Çetin;Girdi;87;100;60;Geçti;Diyarbakır;Diyarbakır Koordinasyon Merkezi;23.06.2026 18:00;
SNC-0325;SNV-0016;EĞT-0027;Haberleşme Eğitimi;GNL-0070;Pelin Aksoy;Girdi;62;100;60;Geçti;Diyarbakır;Diyarbakır Koordinasyon Merkezi;23.06.2026 18:00;
SNC-0326;SNV-0016;EĞT-0027;Haberleşme Eğitimi;GNL-0043;Nazlı Doğan;Girdi;66;100;60;Geçti;Diyarbakır;Diyarbakır Koordinasyon Merkezi;23.06.2026 18:00;
SNC-0327;SNV-0016;EĞT-0027;Haberleşme Eğitimi;GNL-0040;Selin Özdemir;Girdi;39;100;60;Kaldı;Diyarbakır;Diyarbakır Koordinasyon Merkezi;23.06.2026 18:00;
SNC-0328;SNV-0016;EĞT-0027;Haberleşme Eğitimi;GNL-0049;Ece Öztürk;Girdi;81;100;60;Geçti;Diyarbakır;Diyarbakır Koordinasyon Merkezi;23.06.2026 18:00;
SNC-0329;SNV-0016;EĞT-0027;Haberleşme Eğitimi;GNL-0080;Buse Kaya;Girdi;48;100;60;Kaldı;Diyarbakır;Diyarbakır Koordinasyon Merkezi;23.06.2026 18:00;
SNC-0330;SNV-0016;EĞT-0027;Haberleşme Eğitimi;GNL-0018;Derya Aksoy;Girdi;52;100;60;Kaldı;Diyarbakır;Diyarbakır Koordinasyon Merkezi;23.06.2026 18:00;
SNC-0331;SNV-0016;EĞT-0027;Haberleşme Eğitimi;GNL-0013;Mert Aksoy;Girdi;75;100;60;Geçti;Diyarbakır;Diyarbakır Koordinasyon Merkezi;23.06.2026 18:00;
SNC-0332;SNV-0016;EĞT-0027;Haberleşme Eğitimi;GNL-0032;Selin Aslan;Girdi;79;100;60;Geçti;Diyarbakır;Diyarbakır Koordinasyon Merkezi;23.06.2026 18:00;
SNC-0333;SNV-0016;EĞT-0027;Haberleşme Eğitimi;GNL-0050;Hakan Özdemir;Girdi;53;100;60;Kaldı;Diyarbakır;Diyarbakır Koordinasyon Merkezi;23.06.2026 18:00;
SNC-0334;SNV-0016;EĞT-0027;Haberleşme Eğitimi;GNL-0059;Tuğçe Doğan;Girmedi;;100;60;Değerlendirilmedi;Diyarbakır;Diyarbakır Koordinasyon Merkezi;23.06.2026 18:00;
SNC-0335;SNV-0016;EĞT-0027;Haberleşme Eğitimi;GNL-0027;Nazlı Kara;Girdi;42;100;60;Kaldı;Diyarbakır;Diyarbakır Koordinasyon Merkezi;23.06.2026 18:00;
SNC-0336;SNV-0016;EĞT-0027;Haberleşme Eğitimi;GNL-0062;Mehmet Aksoy;Girdi;90;100;60;Geçti;Diyarbakır;Diyarbakır Koordinasyon Merkezi;23.06.2026 18:00;
SNC-0337;SNV-0016;EĞT-0027;Haberleşme Eğitimi;GNL-0066;Barış Kaya;Girdi;38;100;60;Kaldı;Diyarbakır;Diyarbakır Koordinasyon Merkezi;23.06.2026 18:00;
SNC-0338;SNV-0016;EĞT-0027;Haberleşme Eğitimi;GNL-0002;Mert Yıldız;Girdi;48;100;60;Kaldı;Diyarbakır;Diyarbakır Koordinasyon Merkezi;23.06.2026 18:00;
SNC-0339;SNV-0016;EĞT-0027;Haberleşme Eğitimi;GNL-0025;Furkan Şahin;Girdi;75;100;60;Geçti;Diyarbakır;Diyarbakır Koordinasyon Merkezi;23.06.2026 18:00;
SNC-0340;SNV-0016;EĞT-0027;Haberleşme Eğitimi;GNL-0057;Emre Doğan;Girdi;50;100;60;Kaldı;Diyarbakır;Diyarbakır Koordinasyon Merkezi;23.06.2026 18:00;
SNC-0341;SNV-0016;EĞT-0027;Haberleşme Eğitimi;GNL-0033;Ece Özdemir;Girdi;47;100;60;Kaldı;Diyarbakır;Diyarbakır Koordinasyon Merkezi;23.06.2026 18:00;
SNC-0342;SNV-0016;EĞT-0027;Haberleşme Eğitimi;GNL-0008;Ayşe Aydın;Girdi;99;100;60;Geçti;Diyarbakır;Diyarbakır Koordinasyon Merkezi;23.06.2026 18:00;
SNC-0343;SNV-0016;EĞT-0027;Haberleşme Eğitimi;GNL-0001;Tolga Öztürk;Girdi;99;100;60;Geçti;Diyarbakır;Diyarbakır Koordinasyon Merkezi;23.06.2026 18:00;
SNC-0344;SNV-0017;EĞT-0030;Afet Farkındalık Eğitimi;GNL-0038;Ayşe Kılıç;Girdi;64;100;60;Geçti;Amasya;Amasya Koordinasyon Merkezi;11.02.2026 21:00;
SNC-0345;SNV-0017;EĞT-0030;Afet Farkındalık Eğitimi;GNL-0027;Nazlı Kara;Girdi;65;100;60;Geçti;Amasya;Amasya Koordinasyon Merkezi;11.02.2026 21:00;
SNC-0346;SNV-0017;EĞT-0030;Afet Farkındalık Eğitimi;GNL-0064;Hakan Aslan;Girdi;45;100;60;Kaldı;Amasya;Amasya Koordinasyon Merkezi;11.02.2026 21:00;
SNC-0347;SNV-0017;EĞT-0030;Afet Farkındalık Eğitimi;GNL-0066;Barış Kaya;Girdi;54;100;60;Kaldı;Amasya;Amasya Koordinasyon Merkezi;11.02.2026 21:00;
SNC-0348;SNV-0017;EĞT-0030;Afet Farkındalık Eğitimi;GNL-0004;Umut Doğan;Girdi;50;100;60;Kaldı;Amasya;Amasya Koordinasyon Merkezi;11.02.2026 21:00;
SNC-0349;SNV-0017;EĞT-0030;Afet Farkındalık Eğitimi;GNL-0023;İrem Aslan;Girdi;99;100;60;Geçti;Amasya;Amasya Koordinasyon Merkezi;11.02.2026 21:00;
SNC-0350;SNV-0017;EĞT-0030;Afet Farkındalık Eğitimi;GNL-0047;Umut Şahin;Girdi;100;100;60;Geçti;Amasya;Amasya Koordinasyon Merkezi;11.02.2026 21:00;
SNC-0351;SNV-0017;EĞT-0030;Afet Farkındalık Eğitimi;GNL-0021;Burak Öztürk;Girdi;81;100;60;Geçti;Amasya;Amasya Koordinasyon Merkezi;11.02.2026 21:00;
SNC-0352;SNV-0017;EĞT-0030;Afet Farkındalık Eğitimi;GNL-0070;Pelin Aksoy;Girdi;94;100;60;Geçti;Amasya;Amasya Koordinasyon Merkezi;11.02.2026 21:00;
SNC-0353;SNV-0017;EĞT-0030;Afet Farkındalık Eğitimi;GNL-0025;Furkan Şahin;Girdi;60;100;60;Geçti;Amasya;Amasya Koordinasyon Merkezi;11.02.2026 21:00;
SNC-0354;SNV-0017;EĞT-0030;Afet Farkındalık Eğitimi;GNL-0062;Mehmet Aksoy;Girmedi;;100;60;Değerlendirilmedi;Amasya;Amasya Koordinasyon Merkezi;11.02.2026 21:00;
SNC-0355;SNV-0017;EĞT-0030;Afet Farkındalık Eğitimi;GNL-0024;Melis Yılmaz;Girdi;48;100;60;Kaldı;Amasya;Amasya Koordinasyon Merkezi;11.02.2026 21:00;
SNC-0356;SNV-0017;EĞT-0030;Afet Farkındalık Eğitimi;GNL-0008;Ayşe Aydın;Girdi;85;100;60;Geçti;Amasya;Amasya Koordinasyon Merkezi;11.02.2026 21:00;
SNC-0357;SNV-0017;EĞT-0030;Afet Farkındalık Eğitimi;GNL-0033;Ece Özdemir;Girdi;81;100;60;Geçti;Amasya;Amasya Koordinasyon Merkezi;11.02.2026 21:00;
SNC-0358;SNV-0018;EĞT-0032;Kentsel Arama Kurtarma Seviye 1 Eğitimi;GNL-0026;Pelin Şahin;Girdi;65;100;56;Geçti;Kocaeli;Kocaeli Saha Eğitim Alanı;02.03.2026 18:00;
SNC-0359;SNV-0018;EĞT-0032;Kentsel Arama Kurtarma Seviye 1 Eğitimi;GNL-0071;Hakan Aslan;Girdi;67;100;56;Geçti;Kocaeli;Kocaeli Saha Eğitim Alanı;02.03.2026 18:00;
SNC-0360;SNV-0018;EĞT-0032;Kentsel Arama Kurtarma Seviye 1 Eğitimi;GNL-0031;Hakan Yıldız;Girdi;84;100;56;Geçti;Kocaeli;Kocaeli Saha Eğitim Alanı;02.03.2026 18:00;
SNC-0361;SNV-0018;EĞT-0032;Kentsel Arama Kurtarma Seviye 1 Eğitimi;GNL-0033;Ece Özdemir;Girdi;65;100;56;Geçti;Kocaeli;Kocaeli Saha Eğitim Alanı;02.03.2026 18:00;
SNC-0362;SNV-0018;EĞT-0032;Kentsel Arama Kurtarma Seviye 1 Eğitimi;GNL-0017;Pelin Aydın;Girdi;74;100;56;Geçti;Kocaeli;Kocaeli Saha Eğitim Alanı;02.03.2026 18:00;
SNC-0363;SNV-0018;EĞT-0032;Kentsel Arama Kurtarma Seviye 1 Eğitimi;GNL-0058;Melis Kılıç;Girdi;53;100;56;Kaldı;Kocaeli;Kocaeli Saha Eğitim Alanı;02.03.2026 18:00;
SNC-0364;SNV-0018;EĞT-0032;Kentsel Arama Kurtarma Seviye 1 Eğitimi;GNL-0062;Mehmet Aksoy;Girdi;95;100;56;Geçti;Kocaeli;Kocaeli Saha Eğitim Alanı;02.03.2026 18:00;
SNC-0365;SNV-0018;EĞT-0032;Kentsel Arama Kurtarma Seviye 1 Eğitimi;GNL-0016;Ece Doğan;Girdi;53;100;56;Kaldı;Kocaeli;Kocaeli Saha Eğitim Alanı;02.03.2026 18:00;
SNC-0366;SNV-0018;EĞT-0032;Kentsel Arama Kurtarma Seviye 1 Eğitimi;GNL-0004;Umut Doğan;Girdi;67;100;56;Geçti;Kocaeli;Kocaeli Saha Eğitim Alanı;02.03.2026 18:00;
SNC-0367;SNV-0018;EĞT-0032;Kentsel Arama Kurtarma Seviye 1 Eğitimi;GNL-0028;Hakan Şahin;Girdi;66;100;56;Geçti;Kocaeli;Kocaeli Saha Eğitim Alanı;02.03.2026 18:00;
SNC-0368;SNV-0018;EĞT-0032;Kentsel Arama Kurtarma Seviye 1 Eğitimi;GNL-0046;Barış Yıldız;Girdi;75;100;56;Geçti;Kocaeli;Kocaeli Saha Eğitim Alanı;02.03.2026 18:00;
SNC-0369;SNV-0018;EĞT-0032;Kentsel Arama Kurtarma Seviye 1 Eğitimi;GNL-0047;Umut Şahin;Girdi;50;100;56;Kaldı;Kocaeli;Kocaeli Saha Eğitim Alanı;02.03.2026 18:00;
SNC-0370;SNV-0018;EĞT-0032;Kentsel Arama Kurtarma Seviye 1 Eğitimi;GNL-0023;İrem Aslan;Girdi;99;100;56;Geçti;Kocaeli;Kocaeli Saha Eğitim Alanı;02.03.2026 18:00;
SNC-0371;SNV-0018;EĞT-0032;Kentsel Arama Kurtarma Seviye 1 Eğitimi;GNL-0021;Burak Öztürk;Girdi;58;100;56;Geçti;Kocaeli;Kocaeli Saha Eğitim Alanı;02.03.2026 18:00;
SNC-0372;SNV-0019;EĞT-0033;Kentsel Arama Kurtarma Seviye 2 Eğitimi;GNL-0002;Mert Yıldız;Girdi;89;100;57;Geçti;Sivas;Sivas AFAD Salonu;15.03.2026 18:00;
SNC-0373;SNV-0019;EĞT-0033;Kentsel Arama Kurtarma Seviye 2 Eğitimi;GNL-0078;Mert Kara;Girdi;45;100;57;Kaldı;Sivas;Sivas AFAD Salonu;15.03.2026 18:00;
SNC-0374;SNV-0019;EĞT-0033;Kentsel Arama Kurtarma Seviye 2 Eğitimi;GNL-0007;Elif Çelik;Girdi;40;100;57;Kaldı;Sivas;Sivas AFAD Salonu;15.03.2026 18:00;
SNC-0375;SNV-0019;EĞT-0033;Kentsel Arama Kurtarma Seviye 2 Eğitimi;GNL-0064;Hakan Aslan;Girdi;71;100;57;Geçti;Sivas;Sivas AFAD Salonu;15.03.2026 18:00;
SNC-0376;SNV-0019;EĞT-0033;Kentsel Arama Kurtarma Seviye 2 Eğitimi;GNL-0017;Pelin Aydın;Girmedi;;100;57;Değerlendirilmedi;Sivas;Sivas AFAD Salonu;15.03.2026 18:00;
SNC-0377;SNV-0019;EĞT-0033;Kentsel Arama Kurtarma Seviye 2 Eğitimi;GNL-0019;Melis Öztürk;Girdi;43;100;57;Kaldı;Sivas;Sivas AFAD Salonu;15.03.2026 18:00;
SNC-0378;SNV-0019;EĞT-0033;Kentsel Arama Kurtarma Seviye 2 Eğitimi;GNL-0074;Ayşe Özdemir;Girdi;71;100;57;Geçti;Sivas;Sivas AFAD Salonu;15.03.2026 18:00;
SNC-0379;SNV-0019;EĞT-0033;Kentsel Arama Kurtarma Seviye 2 Eğitimi;GNL-0035;Zeynep Polat;Girdi;76;100;57;Geçti;Sivas;Sivas AFAD Salonu;15.03.2026 18:00;
SNC-0380;SNV-0019;EĞT-0033;Kentsel Arama Kurtarma Seviye 2 Eğitimi;GNL-0073;Pelin Yılmaz;Girdi;77;100;57;Geçti;Sivas;Sivas AFAD Salonu;15.03.2026 18:00;
SNC-0381;SNV-0019;EĞT-0033;Kentsel Arama Kurtarma Seviye 2 Eğitimi;GNL-0058;Melis Kılıç;Girdi;44;100;57;Kaldı;Sivas;Sivas AFAD Salonu;15.03.2026 18:00;
SNC-0382;SNV-0019;EĞT-0033;Kentsel Arama Kurtarma Seviye 2 Eğitimi;GNL-0037;Onur Aslan;Girdi;84;100;57;Geçti;Sivas;Sivas AFAD Salonu;15.03.2026 18:00;
SNC-0383;SNV-0019;EĞT-0033;Kentsel Arama Kurtarma Seviye 2 Eğitimi;GNL-0071;Hakan Aslan;Girdi;53;100;57;Kaldı;Sivas;Sivas AFAD Salonu;15.03.2026 18:00;
SNC-0384;SNV-0019;EĞT-0033;Kentsel Arama Kurtarma Seviye 2 Eğitimi;GNL-0015;Furkan Öztürk;Girdi;91;100;57;Geçti;Sivas;Sivas AFAD Salonu;15.03.2026 18:00;
SNC-0385;SNV-0020;EĞT-0034;Kentsel Arama Kurtarma Seviye 3 Eğitimi;GNL-0002;Mert Yıldız;Girdi;71;100;58;Geçti;Mersin;Mersin Koordinasyon Merkezi;28.03.2026 18:00;
SNC-0386;SNV-0020;EĞT-0034;Kentsel Arama Kurtarma Seviye 3 Eğitimi;GNL-0023;İrem Aslan;Girdi;49;100;58;Kaldı;Mersin;Mersin Koordinasyon Merkezi;28.03.2026 18:00;
SNC-0387;SNV-0020;EĞT-0034;Kentsel Arama Kurtarma Seviye 3 Eğitimi;GNL-0021;Burak Öztürk;Girdi;64;100;58;Geçti;Mersin;Mersin Koordinasyon Merkezi;28.03.2026 18:00;
SNC-0388;SNV-0020;EĞT-0034;Kentsel Arama Kurtarma Seviye 3 Eğitimi;GNL-0026;Pelin Şahin;Girdi;87;100;58;Geçti;Mersin;Mersin Koordinasyon Merkezi;28.03.2026 18:00;
SNC-0389;SNV-0020;EĞT-0034;Kentsel Arama Kurtarma Seviye 3 Eğitimi;GNL-0028;Hakan Şahin;Girdi;95;100;58;Geçti;Mersin;Mersin Koordinasyon Merkezi;28.03.2026 18:00;
SNC-0390;SNV-0020;EĞT-0034;Kentsel Arama Kurtarma Seviye 3 Eğitimi;GNL-0013;Mert Aksoy;Girdi;78;100;58;Geçti;Mersin;Mersin Koordinasyon Merkezi;28.03.2026 18:00;
SNC-0391;SNV-0020;EĞT-0034;Kentsel Arama Kurtarma Seviye 3 Eğitimi;GNL-0066;Barış Kaya;Girmedi;;100;58;Değerlendirilmedi;Mersin;Mersin Koordinasyon Merkezi;28.03.2026 18:00;
SNC-0392;SNV-0020;EĞT-0034;Kentsel Arama Kurtarma Seviye 3 Eğitimi;GNL-0059;Tuğçe Doğan;Girdi;41;100;58;Kaldı;Mersin;Mersin Koordinasyon Merkezi;28.03.2026 18:00;
SNC-0393;SNV-0020;EĞT-0034;Kentsel Arama Kurtarma Seviye 3 Eğitimi;GNL-0008;Ayşe Aydın;Girdi;72;100;58;Geçti;Mersin;Mersin Koordinasyon Merkezi;28.03.2026 18:00;
SNC-0394;SNV-0020;EĞT-0034;Kentsel Arama Kurtarma Seviye 3 Eğitimi;GNL-0035;Zeynep Polat;Girdi;55;100;58;Kaldı;Mersin;Mersin Koordinasyon Merkezi;28.03.2026 18:00;
SNC-0395;SNV-0020;EĞT-0034;Kentsel Arama Kurtarma Seviye 3 Eğitimi;GNL-0072;Emre Özdemir;Girdi;84;100;58;Geçti;Mersin;Mersin Koordinasyon Merkezi;28.03.2026 18:00;
SNC-0396;SNV-0020;EĞT-0034;Kentsel Arama Kurtarma Seviye 3 Eğitimi;GNL-0019;Melis Öztürk;Girdi;66;100;58;Geçti;Mersin;Mersin Koordinasyon Merkezi;28.03.2026 18:00;
SNC-0397;SNV-0021;EĞT-0035;Kentsel Arama Kurtarma Seviye 4 Eğitimi;GNL-0080;Buse Kaya;Girdi;72;100;59;Geçti;Kayseri;Kayseri Eğitim Merkezi;10.04.2026 18:00;
SNC-0398;SNV-0021;EĞT-0035;Kentsel Arama Kurtarma Seviye 4 Eğitimi;GNL-0078;Mert Kara;Girdi;64;100;59;Geçti;Kayseri;Kayseri Eğitim Merkezi;10.04.2026 18:00;
SNC-0399;SNV-0021;EĞT-0035;Kentsel Arama Kurtarma Seviye 4 Eğitimi;GNL-0038;Ayşe Kılıç;Girdi;77;100;59;Geçti;Kayseri;Kayseri Eğitim Merkezi;10.04.2026 18:00;
SNC-0400;SNV-0021;EĞT-0035;Kentsel Arama Kurtarma Seviye 4 Eğitimi;GNL-0068;Buse Aydın;Girdi;90;100;59;Geçti;Kayseri;Kayseri Eğitim Merkezi;10.04.2026 18:00;
SNC-0401;SNV-0021;EĞT-0035;Kentsel Arama Kurtarma Seviye 4 Eğitimi;GNL-0013;Mert Aksoy;Girdi;56;100;59;Kaldı;Kayseri;Kayseri Eğitim Merkezi;10.04.2026 18:00;
SNC-0402;SNV-0021;EĞT-0035;Kentsel Arama Kurtarma Seviye 4 Eğitimi;GNL-0043;Nazlı Doğan;Girdi;46;100;59;Kaldı;Kayseri;Kayseri Eğitim Merkezi;10.04.2026 18:00;
SNC-0403;SNV-0021;EĞT-0035;Kentsel Arama Kurtarma Seviye 4 Eğitimi;GNL-0065;Aslı Polat;Girdi;80;100;59;Geçti;Kayseri;Kayseri Eğitim Merkezi;10.04.2026 18:00;
SNC-0404;SNV-0021;EĞT-0035;Kentsel Arama Kurtarma Seviye 4 Eğitimi;GNL-0027;Nazlı Kara;Girmedi;;100;59;Değerlendirilmedi;Kayseri;Kayseri Eğitim Merkezi;10.04.2026 18:00;
SNC-0405;SNV-0021;EĞT-0035;Kentsel Arama Kurtarma Seviye 4 Eğitimi;GNL-0010;Hakan Doğan;Girmedi;;100;59;Değerlendirilmedi;Kayseri;Kayseri Eğitim Merkezi;10.04.2026 18:00;
SNC-0406;SNV-0021;EĞT-0035;Kentsel Arama Kurtarma Seviye 4 Eğitimi;GNL-0015;Furkan Öztürk;Girdi;48;100;59;Kaldı;Kayseri;Kayseri Eğitim Merkezi;10.04.2026 18:00;
SNC-0407;SNV-0021;EĞT-0035;Kentsel Arama Kurtarma Seviye 4 Eğitimi;GNL-0030;Hakan Çetin;Girdi;73;100;59;Geçti;Kayseri;Kayseri Eğitim Merkezi;10.04.2026 18:00;
SNC-0408;SNV-0022;EĞT-0036;Kentsel Arama Kurtarma Seviye 5 Eğitimi;GNL-0046;Barış Yıldız;Girdi;49;100;60;Kaldı;Trabzon;Trabzon Eğitim Merkezi;22.04.2026 18:00;
SNC-0409;SNV-0022;EĞT-0036;Kentsel Arama Kurtarma Seviye 5 Eğitimi;GNL-0015;Furkan Öztürk;Girdi;74;100;60;Geçti;Trabzon;Trabzon Eğitim Merkezi;22.04.2026 18:00;
SNC-0410;SNV-0022;EĞT-0036;Kentsel Arama Kurtarma Seviye 5 Eğitimi;GNL-0006;Cem Şahin;Girdi;84;100;60;Geçti;Trabzon;Trabzon Eğitim Merkezi;22.04.2026 18:00;
SNC-0411;SNV-0022;EĞT-0036;Kentsel Arama Kurtarma Seviye 5 Eğitimi;GNL-0074;Ayşe Özdemir;Girdi;75;100;60;Geçti;Trabzon;Trabzon Eğitim Merkezi;22.04.2026 18:00;
SNC-0412;SNV-0022;EĞT-0036;Kentsel Arama Kurtarma Seviye 5 Eğitimi;GNL-0067;Emre Öztürk;Girdi;53;100;60;Kaldı;Trabzon;Trabzon Eğitim Merkezi;22.04.2026 18:00;
SNC-0413;SNV-0022;EĞT-0036;Kentsel Arama Kurtarma Seviye 5 Eğitimi;GNL-0078;Mert Kara;Girdi;87;100;60;Geçti;Trabzon;Trabzon Eğitim Merkezi;22.04.2026 18:00;
SNC-0414;SNV-0022;EĞT-0036;Kentsel Arama Kurtarma Seviye 5 Eğitimi;GNL-0009;Selin Aslan;Girdi;56;100;60;Kaldı;Trabzon;Trabzon Eğitim Merkezi;22.04.2026 18:00;
SNC-0415;SNV-0022;EĞT-0036;Kentsel Arama Kurtarma Seviye 5 Eğitimi;GNL-0057;Emre Doğan;Girdi;97;100;60;Geçti;Trabzon;Trabzon Eğitim Merkezi;22.04.2026 18:00;
SNC-0416;SNV-0022;EĞT-0036;Kentsel Arama Kurtarma Seviye 5 Eğitimi;GNL-0002;Mert Yıldız;Girdi;47;100;60;Kaldı;Trabzon;Trabzon Eğitim Merkezi;22.04.2026 18:00;
SNC-0417;SNV-0022;EĞT-0036;Kentsel Arama Kurtarma Seviye 5 Eğitimi;GNL-0076;Elif Şimşek;Girdi;51;100;60;Kaldı;Trabzon;Trabzon Eğitim Merkezi;22.04.2026 18:00;
SNC-0418;SNV-0023;EĞT-0037;Su Arama Kurtarma Seviye 1 Eğitimi;GNL-0057;Emre Doğan;Girmedi;;100;56;Değerlendirilmedi;Ordu;Ordu Saha Eğitim Alanı;01.05.2026 18:00;
SNC-0419;SNV-0023;EĞT-0037;Su Arama Kurtarma Seviye 1 Eğitimi;GNL-0047;Umut Şahin;Girdi;52;100;56;Kaldı;Ordu;Ordu Saha Eğitim Alanı;01.05.2026 18:00;
SNC-0420;SNV-0023;EĞT-0037;Su Arama Kurtarma Seviye 1 Eğitimi;GNL-0028;Hakan Şahin;Girdi;92;100;56;Geçti;Ordu;Ordu Saha Eğitim Alanı;01.05.2026 18:00;
SNC-0421;SNV-0023;EĞT-0037;Su Arama Kurtarma Seviye 1 Eğitimi;GNL-0046;Barış Yıldız;Girdi;48;100;56;Kaldı;Ordu;Ordu Saha Eğitim Alanı;01.05.2026 18:00;
SNC-0422;SNV-0023;EĞT-0037;Su Arama Kurtarma Seviye 1 Eğitimi;GNL-0012;Elif Kara;Girdi;46;100;56;Kaldı;Ordu;Ordu Saha Eğitim Alanı;01.05.2026 18:00;
SNC-0423;SNV-0023;EĞT-0037;Su Arama Kurtarma Seviye 1 Eğitimi;GNL-0004;Umut Doğan;Girdi;96;100;56;Geçti;Ordu;Ordu Saha Eğitim Alanı;01.05.2026 18:00;
SNC-0424;SNV-0023;EĞT-0037;Su Arama Kurtarma Seviye 1 Eğitimi;GNL-0072;Emre Özdemir;Girdi;67;100;56;Geçti;Ordu;Ordu Saha Eğitim Alanı;01.05.2026 18:00;
SNC-0425;SNV-0023;EĞT-0037;Su Arama Kurtarma Seviye 1 Eğitimi;GNL-0066;Barış Kaya;Girdi;61;100;56;Geçti;Ordu;Ordu Saha Eğitim Alanı;01.05.2026 18:00;
SNC-0426;SNV-0023;EĞT-0037;Su Arama Kurtarma Seviye 1 Eğitimi;GNL-0041;Selin Polat;Girdi;99;100;56;Geçti;Ordu;Ordu Saha Eğitim Alanı;01.05.2026 18:00;
SNC-0427;SNV-0023;EĞT-0037;Su Arama Kurtarma Seviye 1 Eğitimi;GNL-0050;Hakan Özdemir;Girdi;49;100;56;Kaldı;Ordu;Ordu Saha Eğitim Alanı;01.05.2026 18:00;
SNC-0428;SNV-0023;EĞT-0037;Su Arama Kurtarma Seviye 1 Eğitimi;GNL-0060;Ceren Aydın;Girdi;42;100;56;Kaldı;Ordu;Ordu Saha Eğitim Alanı;01.05.2026 18:00;
SNC-0429;SNV-0023;EĞT-0037;Su Arama Kurtarma Seviye 1 Eğitimi;GNL-0056;Umut Şahin;Girdi;46;100;56;Kaldı;Ordu;Ordu Saha Eğitim Alanı;01.05.2026 18:00;
SNC-0430;SNV-0023;EĞT-0037;Su Arama Kurtarma Seviye 1 Eğitimi;GNL-0062;Mehmet Aksoy;Girdi;97;100;56;Geçti;Ordu;Ordu Saha Eğitim Alanı;01.05.2026 18:00;
SNC-0431;SNV-0023;EĞT-0037;Su Arama Kurtarma Seviye 1 Eğitimi;GNL-0019;Melis Öztürk;Girdi;67;100;56;Geçti;Ordu;Ordu Saha Eğitim Alanı;01.05.2026 18:00;
SNC-0432;SNV-0024;EĞT-0038;Su Arama Kurtarma Seviye 2 Eğitimi;GNL-0041;Selin Polat;Girdi;84;100;57;Geçti;İstanbul;İstanbul AFAD Salonu;14.05.2026 18:00;
SNC-0433;SNV-0024;EĞT-0038;Su Arama Kurtarma Seviye 2 Eğitimi;GNL-0021;Burak Öztürk;Girdi;54;100;57;Kaldı;İstanbul;İstanbul AFAD Salonu;14.05.2026 18:00;
SNC-0434;SNV-0024;EĞT-0038;Su Arama Kurtarma Seviye 2 Eğitimi;GNL-0055;İrem Çelik;Girdi;90;100;57;Geçti;İstanbul;İstanbul AFAD Salonu;14.05.2026 18:00;
SNC-0435;SNV-0024;EĞT-0038;Su Arama Kurtarma Seviye 2 Eğitimi;GNL-0057;Emre Doğan;Girdi;91;100;57;Geçti;İstanbul;İstanbul AFAD Salonu;14.05.2026 18:00;
SNC-0436;SNV-0024;EĞT-0038;Su Arama Kurtarma Seviye 2 Eğitimi;GNL-0002;Mert Yıldız;Girdi;76;100;57;Geçti;İstanbul;İstanbul AFAD Salonu;14.05.2026 18:00;
SNC-0437;SNV-0024;EĞT-0038;Su Arama Kurtarma Seviye 2 Eğitimi;GNL-0004;Umut Doğan;Girdi;100;100;57;Geçti;İstanbul;İstanbul AFAD Salonu;14.05.2026 18:00;
SNC-0438;SNV-0024;EĞT-0038;Su Arama Kurtarma Seviye 2 Eğitimi;GNL-0022;Elif Çetin;Girdi;76;100;57;Geçti;İstanbul;İstanbul AFAD Salonu;14.05.2026 18:00;
SNC-0439;SNV-0024;EĞT-0038;Su Arama Kurtarma Seviye 2 Eğitimi;GNL-0062;Mehmet Aksoy;Girmedi;;100;57;Değerlendirilmedi;İstanbul;İstanbul AFAD Salonu;14.05.2026 18:00;
SNC-0440;SNV-0024;EĞT-0038;Su Arama Kurtarma Seviye 2 Eğitimi;GNL-0038;Ayşe Kılıç;Girdi;71;100;57;Geçti;İstanbul;İstanbul AFAD Salonu;14.05.2026 18:00;
SNC-0441;SNV-0024;EĞT-0038;Su Arama Kurtarma Seviye 2 Eğitimi;GNL-0020;Zeynep Kaya;Girdi;69;100;57;Geçti;İstanbul;İstanbul AFAD Salonu;14.05.2026 18:00;
SNC-0442;SNV-0024;EĞT-0038;Su Arama Kurtarma Seviye 2 Eğitimi;GNL-0012;Elif Kara;Girdi;56;100;57;Kaldı;İstanbul;İstanbul AFAD Salonu;14.05.2026 18:00;
SNC-0443;SNV-0024;EĞT-0038;Su Arama Kurtarma Seviye 2 Eğitimi;GNL-0051;Melis Çetin;Girdi;50;100;57;Kaldı;İstanbul;İstanbul AFAD Salonu;14.05.2026 18:00;
SNC-0444;SNV-0024;EĞT-0038;Su Arama Kurtarma Seviye 2 Eğitimi;GNL-0071;Hakan Aslan;Girdi;57;100;57;Geçti;İstanbul;İstanbul AFAD Salonu;14.05.2026 18:00;
SNC-0445;SNV-0025;EĞT-0039;Su Arama Kurtarma Seviye 3 Eğitimi;GNL-0063;Derya Kaya;Girmedi;;100;58;Değerlendirilmedi;Aydın;Aydın AFAD Salonu;27.05.2026 18:00;
SNC-0446;SNV-0025;EĞT-0039;Su Arama Kurtarma Seviye 3 Eğitimi;GNL-0013;Mert Aksoy;Girdi;49;100;58;Kaldı;Aydın;Aydın AFAD Salonu;27.05.2026 18:00;
SNC-0447;SNV-0025;EĞT-0039;Su Arama Kurtarma Seviye 3 Eğitimi;GNL-0080;Buse Kaya;Girmedi;;100;58;Değerlendirilmedi;Aydın;Aydın AFAD Salonu;27.05.2026 18:00;
SNC-0448;SNV-0025;EĞT-0039;Su Arama Kurtarma Seviye 3 Eğitimi;GNL-0057;Emre Doğan;Girdi;78;100;58;Geçti;Aydın;Aydın AFAD Salonu;27.05.2026 18:00;
SNC-0449;SNV-0025;EĞT-0039;Su Arama Kurtarma Seviye 3 Eğitimi;GNL-0009;Selin Aslan;Girdi;79;100;58;Geçti;Aydın;Aydın AFAD Salonu;27.05.2026 18:00;
SNC-0450;SNV-0025;EĞT-0039;Su Arama Kurtarma Seviye 3 Eğitimi;GNL-0073;Pelin Yılmaz;Girdi;43;100;58;Kaldı;Aydın;Aydın AFAD Salonu;27.05.2026 18:00;
SNC-0451;SNV-0025;EĞT-0039;Su Arama Kurtarma Seviye 3 Eğitimi;GNL-0015;Furkan Öztürk;Girdi;100;100;58;Geçti;Aydın;Aydın AFAD Salonu;27.05.2026 18:00;
SNC-0452;SNV-0025;EĞT-0039;Su Arama Kurtarma Seviye 3 Eğitimi;GNL-0071;Hakan Aslan;Girdi;67;100;58;Geçti;Aydın;Aydın AFAD Salonu;27.05.2026 18:00;
SNC-0453;SNV-0025;EĞT-0039;Su Arama Kurtarma Seviye 3 Eğitimi;GNL-0008;Ayşe Aydın;Girdi;62;100;58;Geçti;Aydın;Aydın AFAD Salonu;27.05.2026 18:00;
SNC-0454;SNV-0025;EĞT-0039;Su Arama Kurtarma Seviye 3 Eğitimi;GNL-0040;Selin Özdemir;Girdi;58;100;58;Geçti;Aydın;Aydın AFAD Salonu;27.05.2026 18:00;
SNC-0455;SNV-0025;EĞT-0039;Su Arama Kurtarma Seviye 3 Eğitimi;GNL-0077;Can Şahin;Girdi;81;100;58;Geçti;Aydın;Aydın AFAD Salonu;27.05.2026 18:00;
SNC-0456;SNV-0025;EĞT-0039;Su Arama Kurtarma Seviye 3 Eğitimi;GNL-0048;Mert Polat;Girdi;93;100;58;Geçti;Aydın;Aydın AFAD Salonu;27.05.2026 18:00;
SNC-0457;SNV-0026;EĞT-0040;Su Arama Kurtarma Seviye 4 Eğitimi;GNL-0080;Buse Kaya;Girdi;51;100;59;Kaldı;Eskişehir;Eskişehir Eğitim Merkezi;09.06.2026 18:00;
SNC-0458;SNV-0026;EĞT-0040;Su Arama Kurtarma Seviye 4 Eğitimi;GNL-0034;Onur Aydın;Girdi;84;100;59;Geçti;Eskişehir;Eskişehir Eğitim Merkezi;09.06.2026 18:00;
SNC-0459;SNV-0026;EĞT-0040;Su Arama Kurtarma Seviye 4 Eğitimi;GNL-0017;Pelin Aydın;Girdi;81;100;59;Geçti;Eskişehir;Eskişehir Eğitim Merkezi;09.06.2026 18:00;
SNC-0460;SNV-0026;EĞT-0040;Su Arama Kurtarma Seviye 4 Eğitimi;GNL-0048;Mert Polat;Girdi;65;100;59;Geçti;Eskişehir;Eskişehir Eğitim Merkezi;09.06.2026 18:00;
SNC-0461;SNV-0026;EĞT-0040;Su Arama Kurtarma Seviye 4 Eğitimi;GNL-0010;Hakan Doğan;Girdi;58;100;59;Kaldı;Eskişehir;Eskişehir Eğitim Merkezi;09.06.2026 18:00;
SNC-0462;SNV-0026;EĞT-0040;Su Arama Kurtarma Seviye 4 Eğitimi;GNL-0063;Derya Kaya;Girdi;62;100;59;Geçti;Eskişehir;Eskişehir Eğitim Merkezi;09.06.2026 18:00;
SNC-0463;SNV-0026;EĞT-0040;Su Arama Kurtarma Seviye 4 Eğitimi;GNL-0033;Ece Özdemir;Girdi;65;100;59;Geçti;Eskişehir;Eskişehir Eğitim Merkezi;09.06.2026 18:00;
SNC-0464;SNV-0026;EĞT-0040;Su Arama Kurtarma Seviye 4 Eğitimi;GNL-0038;Ayşe Kılıç;Girdi;46;100;59;Kaldı;Eskişehir;Eskişehir Eğitim Merkezi;09.06.2026 18:00;
SNC-0465;SNV-0026;EĞT-0040;Su Arama Kurtarma Seviye 4 Eğitimi;GNL-0074;Ayşe Özdemir;Girdi;87;100;59;Geçti;Eskişehir;Eskişehir Eğitim Merkezi;09.06.2026 18:00;
SNC-0466;SNV-0026;EĞT-0040;Su Arama Kurtarma Seviye 4 Eğitimi;GNL-0040;Selin Özdemir;Girdi;65;100;59;Geçti;Eskişehir;Eskişehir Eğitim Merkezi;09.06.2026 18:00;
SNC-0467;SNV-0026;EĞT-0040;Su Arama Kurtarma Seviye 4 Eğitimi;GNL-0005;Aslı Yıldız;Girdi;54;100;59;Kaldı;Eskişehir;Eskişehir Eğitim Merkezi;09.06.2026 18:00;
SNC-0468;SNV-0027;EĞT-0041;Su Arama Kurtarma Seviye 5 Eğitimi;GNL-0013;Mert Aksoy;Girdi;64;100;60;Geçti;Van;Van Saha Eğitim Alanı;21.06.2026 18:00;
SNC-0469;SNV-0027;EĞT-0041;Su Arama Kurtarma Seviye 5 Eğitimi;GNL-0065;Aslı Polat;Girdi;57;100;60;Kaldı;Van;Van Saha Eğitim Alanı;21.06.2026 18:00;
SNC-0470;SNV-0027;EĞT-0041;Su Arama Kurtarma Seviye 5 Eğitimi;GNL-0002;Mert Yıldız;Girdi;51;100;60;Kaldı;Van;Van Saha Eğitim Alanı;21.06.2026 18:00;
SNC-0471;SNV-0027;EĞT-0041;Su Arama Kurtarma Seviye 5 Eğitimi;GNL-0020;Zeynep Kaya;Girdi;47;100;60;Kaldı;Van;Van Saha Eğitim Alanı;21.06.2026 18:00;
SNC-0472;SNV-0027;EĞT-0041;Su Arama Kurtarma Seviye 5 Eğitimi;GNL-0053;Tolga Kurt;Girmedi;;100;60;Değerlendirilmedi;Van;Van Saha Eğitim Alanı;21.06.2026 18:00;
SNC-0473;SNV-0027;EĞT-0041;Su Arama Kurtarma Seviye 5 Eğitimi;GNL-0034;Onur Aydın;Girdi;74;100;60;Geçti;Van;Van Saha Eğitim Alanı;21.06.2026 18:00;
SNC-0474;SNV-0027;EĞT-0041;Su Arama Kurtarma Seviye 5 Eğitimi;GNL-0006;Cem Şahin;Girdi;40;100;60;Kaldı;Van;Van Saha Eğitim Alanı;21.06.2026 18:00;
SNC-0475;SNV-0027;EĞT-0041;Su Arama Kurtarma Seviye 5 Eğitimi;GNL-0005;Aslı Yıldız;Girdi;82;100;60;Geçti;Van;Van Saha Eğitim Alanı;21.06.2026 18:00;
SNC-0476;SNV-0027;EĞT-0041;Su Arama Kurtarma Seviye 5 Eğitimi;GNL-0040;Selin Özdemir;Girdi;98;100;60;Geçti;Van;Van Saha Eğitim Alanı;21.06.2026 18:00;
SNC-0477;SNV-0027;EĞT-0041;Su Arama Kurtarma Seviye 5 Eğitimi;GNL-0032;Selin Aslan;Girdi;56;100;60;Kaldı;Van;Van Saha Eğitim Alanı;21.06.2026 18:00;
SNC-0478;SNV-0028;EĞT-0042;Doğada Arama Kurtarma Seviye 1 Eğitimi;GNL-0069;Elif Çelik;Girdi;99;100;56;Geçti;Rize;Rize AFAD Salonu;30.06.2026 18:00;
SNC-0479;SNV-0028;EĞT-0042;Doğada Arama Kurtarma Seviye 1 Eğitimi;GNL-0044;Ayşe Çelik;Girdi;44;100;56;Kaldı;Rize;Rize AFAD Salonu;30.06.2026 18:00;
SNC-0480;SNV-0028;EĞT-0042;Doğada Arama Kurtarma Seviye 1 Eğitimi;GNL-0020;Zeynep Kaya;Girdi;42;100;56;Kaldı;Rize;Rize AFAD Salonu;30.06.2026 18:00;
SNC-0481;SNV-0028;EĞT-0042;Doğada Arama Kurtarma Seviye 1 Eğitimi;GNL-0070;Pelin Aksoy;Girdi;57;100;56;Geçti;Rize;Rize AFAD Salonu;30.06.2026 18:00;
SNC-0482;SNV-0028;EĞT-0042;Doğada Arama Kurtarma Seviye 1 Eğitimi;GNL-0005;Aslı Yıldız;Girdi;95;100;56;Geçti;Rize;Rize AFAD Salonu;30.06.2026 18:00;
SNC-0483;SNV-0028;EĞT-0042;Doğada Arama Kurtarma Seviye 1 Eğitimi;GNL-0024;Melis Yılmaz;Girmedi;;100;56;Değerlendirilmedi;Rize;Rize AFAD Salonu;30.06.2026 18:00;
SNC-0484;SNV-0028;EĞT-0042;Doğada Arama Kurtarma Seviye 1 Eğitimi;GNL-0041;Selin Polat;Girdi;82;100;56;Geçti;Rize;Rize AFAD Salonu;30.06.2026 18:00;
SNC-0485;SNV-0028;EĞT-0042;Doğada Arama Kurtarma Seviye 1 Eğitimi;GNL-0012;Elif Kara;Girdi;77;100;56;Geçti;Rize;Rize AFAD Salonu;30.06.2026 18:00;
SNC-0486;SNV-0028;EĞT-0042;Doğada Arama Kurtarma Seviye 1 Eğitimi;GNL-0062;Mehmet Aksoy;Girdi;41;100;56;Kaldı;Rize;Rize AFAD Salonu;30.06.2026 18:00;
SNC-0487;SNV-0028;EĞT-0042;Doğada Arama Kurtarma Seviye 1 Eğitimi;GNL-0031;Hakan Yıldız;Girdi;88;100;56;Geçti;Rize;Rize AFAD Salonu;30.06.2026 18:00;
SNC-0488;SNV-0028;EĞT-0042;Doğada Arama Kurtarma Seviye 1 Eğitimi;GNL-0074;Ayşe Özdemir;Girdi;64;100;56;Geçti;Rize;Rize AFAD Salonu;30.06.2026 18:00;
SNC-0489;SNV-0028;EĞT-0042;Doğada Arama Kurtarma Seviye 1 Eğitimi;GNL-0076;Elif Şimşek;Girdi;51;100;56;Kaldı;Rize;Rize AFAD Salonu;30.06.2026 18:00;
SNC-0490;SNV-0028;EĞT-0042;Doğada Arama Kurtarma Seviye 1 Eğitimi;GNL-0026;Pelin Şahin;Girdi;48;100;56;Kaldı;Rize;Rize AFAD Salonu;30.06.2026 18:00;
SNC-0491;SNV-0028;EĞT-0042;Doğada Arama Kurtarma Seviye 1 Eğitimi;GNL-0021;Burak Öztürk;Girdi;92;100;56;Geçti;Rize;Rize AFAD Salonu;30.06.2026 18:00;
SNC-0492;SNV-0029;EĞT-0043;Doğada Arama Kurtarma Seviye 2 Eğitimi;GNL-0010;Hakan Doğan;Girdi;78;100;57;Geçti;Van;Van Saha Eğitim Alanı;13.07.2026 18:00;
SNC-0493;SNV-0029;EĞT-0043;Doğada Arama Kurtarma Seviye 2 Eğitimi;GNL-0008;Ayşe Aydın;Girdi;46;100;57;Kaldı;Van;Van Saha Eğitim Alanı;13.07.2026 18:00;
SNC-0494;SNV-0029;EĞT-0043;Doğada Arama Kurtarma Seviye 2 Eğitimi;GNL-0038;Ayşe Kılıç;Girdi;43;100;57;Kaldı;Van;Van Saha Eğitim Alanı;13.07.2026 18:00;
SNC-0495;SNV-0029;EĞT-0043;Doğada Arama Kurtarma Seviye 2 Eğitimi;GNL-0006;Cem Şahin;Girdi;79;100;57;Geçti;Van;Van Saha Eğitim Alanı;13.07.2026 18:00;
SNC-0496;SNV-0029;EĞT-0043;Doğada Arama Kurtarma Seviye 2 Eğitimi;GNL-0022;Elif Çetin;Girdi;86;100;57;Geçti;Van;Van Saha Eğitim Alanı;13.07.2026 18:00;
SNC-0497;SNV-0029;EĞT-0043;Doğada Arama Kurtarma Seviye 2 Eğitimi;GNL-0066;Barış Kaya;Girdi;67;100;57;Geçti;Van;Van Saha Eğitim Alanı;13.07.2026 18:00;
SNC-0498;SNV-0029;EĞT-0043;Doğada Arama Kurtarma Seviye 2 Eğitimi;GNL-0027;Nazlı Kara;Girdi;96;100;57;Geçti;Van;Van Saha Eğitim Alanı;13.07.2026 18:00;
SNC-0499;SNV-0029;EĞT-0043;Doğada Arama Kurtarma Seviye 2 Eğitimi;GNL-0059;Tuğçe Doğan;Girdi;97;100;57;Geçti;Van;Van Saha Eğitim Alanı;13.07.2026 18:00;
SNC-0500;SNV-0029;EĞT-0043;Doğada Arama Kurtarma Seviye 2 Eğitimi;GNL-0020;Zeynep Kaya;Girdi;90;100;57;Geçti;Van;Van Saha Eğitim Alanı;13.07.2026 18:00;
SNC-0501;SNV-0029;EĞT-0043;Doğada Arama Kurtarma Seviye 2 Eğitimi;GNL-0028;Hakan Şahin;Girdi;100;100;57;Geçti;Van;Van Saha Eğitim Alanı;13.07.2026 18:00;
SNC-0502;SNV-0029;EĞT-0043;Doğada Arama Kurtarma Seviye 2 Eğitimi;GNL-0070;Pelin Aksoy;Girdi;50;100;57;Kaldı;Van;Van Saha Eğitim Alanı;13.07.2026 18:00;
SNC-0503;SNV-0029;EĞT-0043;Doğada Arama Kurtarma Seviye 2 Eğitimi;GNL-0048;Mert Polat;Girdi;70;100;57;Geçti;Van;Van Saha Eğitim Alanı;13.07.2026 18:00;
SNC-0504;SNV-0029;EĞT-0043;Doğada Arama Kurtarma Seviye 2 Eğitimi;GNL-0004;Umut Doğan;Girdi;86;100;57;Geçti;Van;Van Saha Eğitim Alanı;13.07.2026 18:00;

Hesap ID;Rol;Kişi ID;Giriş E-postası;Şifre;Hesap Durumu;Parola Politikası;
HSP-0001;Gönüllü;GNL-0001;tolga.ozturk.1@ornek.org;GNLByupdi926!001;Aktif;İlk girişte değiştirilmeli;
HSP-0002;Gönüllü;GNL-0002;mert.yildiz.2@ornek.org;GNLAoewzh208!002;Aktif;İlk girişte değiştirilmeli;
HSP-0003;Gönüllü;GNL-0003;seda.kara.3@ornek.org;GNLAprbmf179!003;Aktif;İlk girişte değiştirilmeli;
HSP-0004;Gönüllü;GNL-0004;umut.dogan.4@ornek.org;GNLQyuvim297!004;Aktif;İlk girişte değiştirilmeli;
HSP-0005;Gönüllü;GNL-0005;asli.yildiz.5@ornek.org;GNLYsuljb244!005;Aktif;İlk girişte değiştirilmeli;
HSP-0006;Gönüllü;GNL-0006;cem.sahin.6@ornek.org;GNLFoxrqa317!006;Aktif;İlk girişte değiştirilmeli;
HSP-0007;Gönüllü;GNL-0007;elif.celik.7@ornek.org;GNLPbwltr463!007;Aktif;İlk girişte değiştirilmeli;
HSP-0008;Gönüllü;GNL-0008;ayse.aydin.8@ornek.org;GNLNarawv909!008;Aktif;İlk girişte değiştirilmeli;
HSP-0009;Gönüllü;GNL-0009;selin.aslan.9@ornek.org;GNLDiyinf516!009;Aktif;İlk girişte değiştirilmeli;
HSP-0010;Gönüllü;GNL-0010;hakan.dogan.10@ornek.org;GNLIgxbnt368!010;Aktif;İlk girişte değiştirilmeli;
HSP-0011;Gönüllü;GNL-0011;kerem.celik.11@ornek.org;GNLZofgcq836!011;Aktif;İlk girişte değiştirilmeli;
HSP-0012;Gönüllü;GNL-0012;elif.kara.12@ornek.org;GNLWeweof337!012;Aktif;İlk girişte değiştirilmeli;
HSP-0013;Gönüllü;GNL-0013;mert.aksoy.13@ornek.org;GNLWrnmvb621!013;Aktif;İlk girişte değiştirilmeli;
HSP-0014;Gönüllü;GNL-0014;hakan.celik.14@ornek.org;GNLAschrf175!014;Aktif;İlk girişte değiştirilmeli;
HSP-0015;Gönüllü;GNL-0015;furkan.ozturk.15@ornek.org;GNLMdyhtk912!015;Aktif;İlk girişte değiştirilmeli;
HSP-0016;Gönüllü;GNL-0016;ece.dogan.16@ornek.org;GNLEdlhue276!016;Aktif;İlk girişte değiştirilmeli;
HSP-0017;Gönüllü;GNL-0017;pelin.aydin.17@ornek.org;GNLVmlcpb352!017;Aktif;İlk girişte değiştirilmeli;
HSP-0018;Gönüllü;GNL-0018;derya.aksoy.18@ornek.org;GNLFvsqec971!018;Aktif;İlk girişte değiştirilmeli;
HSP-0019;Gönüllü;GNL-0019;melis.ozturk.19@ornek.org;GNLZrdgjv437!019;Aktif;İlk girişte değiştirilmeli;
HSP-0020;Gönüllü;GNL-0020;zeynep.kaya.20@ornek.org;GNLKgnnjs754!020;Aktif;İlk girişte değiştirilmeli;
HSP-0021;Gönüllü;GNL-0021;burak.ozturk.21@ornek.org;GNLYyoedh973!021;Aktif;İlk girişte değiştirilmeli;
HSP-0022;Gönüllü;GNL-0022;elif.cetin.22@ornek.org;GNLBmkldm182!022;Aktif;İlk girişte değiştirilmeli;
HSP-0023;Gönüllü;GNL-0023;irem.aslan.23@ornek.org;GNLKcouwy931!023;Aktif;İlk girişte değiştirilmeli;
HSP-0024;Gönüllü;GNL-0024;melis.yilmaz.24@ornek.org;GNLXjjfey748!024;Aktif;İlk girişte değiştirilmeli;
HSP-0025;Gönüllü;GNL-0025;furkan.sahin.25@ornek.org;GNLZshwug862!025;Aktif;İlk girişte değiştirilmeli;
HSP-0026;Gönüllü;GNL-0026;pelin.sahin.26@ornek.org;GNLEbbqjn252!026;Aktif;İlk girişte değiştirilmeli;
HSP-0027;Gönüllü;GNL-0027;nazli.kara.27@ornek.org;GNLTtlaov896!027;Aktif;İlk girişte değiştirilmeli;
HSP-0028;Gönüllü;GNL-0028;hakan.sahin.28@ornek.org;GNLDccntj243!028;Aktif;İlk girişte değiştirilmeli;
HSP-0029;Gönüllü;GNL-0029;baris.koc.29@ornek.org;GNLSvxrgz873!029;Aktif;İlk girişte değiştirilmeli;
HSP-0030;Gönüllü;GNL-0030;hakan.cetin.30@ornek.org;GNLDtltsk170!030;Aktif;İlk girişte değiştirilmeli;
HSP-0031;Gönüllü;GNL-0031;hakan.yildiz.31@ornek.org;GNLKrwcqq592!031;Aktif;İlk girişte değiştirilmeli;
HSP-0032;Gönüllü;GNL-0032;selin.aslan.32@ornek.org;GNLRwqwbk236!032;Aktif;İlk girişte değiştirilmeli;
HSP-0033;Gönüllü;GNL-0033;ece.ozdemir.33@ornek.org;GNLBkaodm415!033;Aktif;İlk girişte değiştirilmeli;
HSP-0034;Gönüllü;GNL-0034;onur.aydin.34@ornek.org;GNLJfvomn483!034;Aktif;İlk girişte değiştirilmeli;
HSP-0035;Gönüllü;GNL-0035;zeynep.polat.35@ornek.org;GNLHnwklo939!035;Aktif;İlk girişte değiştirilmeli;
HSP-0036;Gönüllü;GNL-0036;ayse.simsek.36@ornek.org;GNLLgetdl666!036;Aktif;İlk girişte değiştirilmeli;
HSP-0037;Gönüllü;GNL-0037;onur.aslan.37@ornek.org;GNLZjwxvt845!037;Aktif;İlk girişte değiştirilmeli;
HSP-0038;Gönüllü;GNL-0038;ayse.kilic.38@ornek.org;GNLOckupm164!038;Aktif;İlk girişte değiştirilmeli;
HSP-0039;Gönüllü;GNL-0039;furkan.kurt.39@ornek.org;GNLGyauqh655!039;Aktif;İlk girişte değiştirilmeli;
HSP-0040;Gönüllü;GNL-0040;selin.ozdemir.40@ornek.org;GNLOzkcqh719!040;Aktif;İlk girişte değiştirilmeli;
HSP-0041;Gönüllü;GNL-0041;selin.polat.41@ornek.org;GNLEjlxlz508!041;Aktif;İlk girişte değiştirilmeli;
HSP-0042;Gönüllü;GNL-0042;elif.cetin.42@ornek.org;GNLFxukti310!042;Aktif;İlk girişte değiştirilmeli;
HSP-0043;Gönüllü;GNL-0043;nazli.dogan.43@ornek.org;GNLPrbhoy462!043;Aktif;İlk girişte değiştirilmeli;
HSP-0044;Gönüllü;GNL-0044;ayse.celik.44@ornek.org;GNLKobenw638!044;Aktif;İlk girişte değiştirilmeli;
HSP-0045;Gönüllü;GNL-0045;can.aksoy.45@ornek.org;GNLTobyuo476!045;Aktif;İlk girişte değiştirilmeli;
HSP-0046;Gönüllü;GNL-0046;baris.yildiz.46@ornek.org;GNLBltfgb346!046;Aktif;İlk girişte değiştirilmeli;
HSP-0047;Gönüllü;GNL-0047;umut.sahin.47@ornek.org;GNLIbdrnp803!047;Aktif;İlk girişte değiştirilmeli;
HSP-0048;Gönüllü;GNL-0048;mert.polat.48@ornek.org;GNLScocaz658!048;Aktif;İlk girişte değiştirilmeli;
HSP-0049;Gönüllü;GNL-0049;ece.ozturk.49@ornek.org;GNLJiptls308!049;Aktif;İlk girişte değiştirilmeli;
HSP-0050;Gönüllü;GNL-0050;hakan.ozdemir.50@ornek.org;GNLHaycgc195!050;Aktif;İlk girişte değiştirilmeli;
HSP-0051;Gönüllü;GNL-0051;melis.cetin.51@ornek.org;GNLZjefgz334!051;Aktif;İlk girişte değiştirilmeli;
HSP-0052;Gönüllü;GNL-0052;ceren.yilmaz.52@ornek.org;GNLGlqmvi675!052;Aktif;İlk girişte değiştirilmeli;
HSP-0053;Gönüllü;GNL-0053;tolga.kurt.53@ornek.org;GNLWrvllp214!053;Aktif;İlk girişte değiştirilmeli;
HSP-0054;Gönüllü;GNL-0054;asli.aydin.54@ornek.org;GNLEwfhvv637!054;Aktif;İlk girişte değiştirilmeli;
HSP-0055;Gönüllü;GNL-0055;irem.celik.55@ornek.org;GNLWpqenl631!055;Aktif;İlk girişte değiştirilmeli;
HSP-0056;Gönüllü;GNL-0056;umut.sahin.56@ornek.org;GNLFzgrdi390!056;Aktif;İlk girişte değiştirilmeli;
HSP-0057;Gönüllü;GNL-0057;emre.dogan.57@ornek.org;GNLQeqfar392!057;Aktif;İlk girişte değiştirilmeli;
HSP-0058;Gönüllü;GNL-0058;melis.kilic.58@ornek.org;GNLSwfhaq689!058;Aktif;İlk girişte değiştirilmeli;
HSP-0059;Gönüllü;GNL-0059;tugce.dogan.59@ornek.org;GNLNpzvru194!059;Aktif;İlk girişte değiştirilmeli;
HSP-0060;Gönüllü;GNL-0060;ceren.aydin.60@ornek.org;GNLGzwhuj115!060;Aktif;İlk girişte değiştirilmeli;
HSP-0061;Gönüllü;GNL-0061;emre.koc.61@ornek.org;GNLOhjnbe200!061;Aktif;İlk girişte değiştirilmeli;
HSP-0062;Gönüllü;GNL-0062;mehmet.aksoy.62@ornek.org;GNLTcsfsr818!062;Aktif;İlk girişte değiştirilmeli;
HSP-0063;Gönüllü;GNL-0063;derya.kaya.63@ornek.org;GNLOqcxom211!063;Aktif;İlk girişte değiştirilmeli;
HSP-0064;Gönüllü;GNL-0064;hakan.aslan.64@ornek.org;GNLLcirxz117!064;Aktif;İlk girişte değiştirilmeli;
HSP-0065;Gönüllü;GNL-0065;asli.polat.65@ornek.org;GNLIbgrwu215!065;Aktif;İlk girişte değiştirilmeli;
HSP-0066;Gönüllü;GNL-0066;baris.kaya.66@ornek.org;GNLOdmmfw894!066;Aktif;İlk girişte değiştirilmeli;
HSP-0067;Gönüllü;GNL-0067;emre.ozturk.67@ornek.org;GNLGvgpsn521!067;Aktif;İlk girişte değiştirilmeli;
HSP-0068;Gönüllü;GNL-0068;buse.aydin.68@ornek.org;GNLPcmtib856!068;Aktif;İlk girişte değiştirilmeli;
HSP-0069;Gönüllü;GNL-0069;elif.celik.69@ornek.org;GNLDspiid894!069;Aktif;İlk girişte değiştirilmeli;
HSP-0070;Gönüllü;GNL-0070;pelin.aksoy.70@ornek.org;GNLEfpegv789!070;Aktif;İlk girişte değiştirilmeli;
HSP-0071;Gönüllü;GNL-0071;hakan.aslan.71@ornek.org;GNLGzqvos300!071;Aktif;İlk girişte değiştirilmeli;
HSP-0072;Gönüllü;GNL-0072;emre.ozdemir.72@ornek.org;GNLExmrls673!072;Aktif;İlk girişte değiştirilmeli;
HSP-0073;Gönüllü;GNL-0073;pelin.yilmaz.73@ornek.org;GNLKcuruc743!073;Aktif;İlk girişte değiştirilmeli;
HSP-0074;Gönüllü;GNL-0074;ayse.ozdemir.74@ornek.org;GNLHtgcso513!074;Aktif;İlk girişte değiştirilmeli;
HSP-0075;Gönüllü;GNL-0075;melis.aksoy.75@ornek.org;GNLRekbdl186!075;Aktif;İlk girişte değiştirilmeli;
HSP-0076;Gönüllü;GNL-0076;elif.simsek.76@ornek.org;GNLDflulz225!076;Aktif;İlk girişte değiştirilmeli;
HSP-0077;Gönüllü;GNL-0077;can.sahin.77@ornek.org;GNLTeucvt180!077;Aktif;İlk girişte değiştirilmeli;
HSP-0078;Gönüllü;GNL-0078;mert.kara.78@ornek.org;GNLBflfqw280!078;Aktif;İlk girişte değiştirilmeli;
HSP-0079;Gönüllü;GNL-0079;seda.cetin.79@ornek.org;GNLKslupn991!079;Aktif;İlk girişte değiştirilmeli;
HSP-0080;Gönüllü;GNL-0080;buse.kaya.80@ornek.org;GNLPbzyzg743!080;Aktif;İlk girişte değiştirilmeli;
HSP-0081;Eğitmen;EGT-0001;furkan.ozturk.1@egitmen.ornek.org;EGTWzcnrb223!001;Aktif;İlk girişte değiştirilmeli;
HSP-0082;Eğitmen;EGT-0002;mehmet.yilmaz.2@egitmen.ornek.org;EGTJpapma676!002;Aktif;İlk girişte değiştirilmeli;
HSP-0083;Eğitmen;EGT-0003;kaan.dogan.3@egitmen.ornek.org;EGTPeqtck556!003;Aktif;İlk girişte değiştirilmeli;
HSP-0084;Eğitmen;EGT-0004;tolga.sahin.4@egitmen.ornek.org;EGTLtmcqh891!004;Aktif;İlk girişte değiştirilmeli;
HSP-0085;Eğitmen;EGT-0005;nazli.aydin.5@egitmen.ornek.org;EGTRqdcyl367!005;Aktif;İlk girişte değiştirilmeli;
HSP-0086;Eğitmen;EGT-0006;nazli.ozturk.6@egitmen.ornek.org;EGTXkypbf617!006;Aktif;İlk girişte değiştirilmeli;
HSP-0087;Eğitmen;EGT-0007;burak.simsek.7@egitmen.ornek.org;EGTFlvynf766!007;Aktif;İlk girişte değiştirilmeli;
HSP-0088;Eğitmen;EGT-0008;baris.arslan.8@egitmen.ornek.org;EGTJkjkma212!008;Aktif;İlk girişte değiştirilmeli;
HSP-0089;Eğitmen;EGT-0009;tolga.kaya.9@egitmen.ornek.org;EGTQuptnm848!009;Aktif;İlk girişte değiştirilmeli;
HSP-0090;Eğitmen;EGT-0010;irem.kara.10@egitmen.ornek.org;EGTNbkbsp619!010;Aktif;İlk girişte değiştirilmeli;
HSP-0091;Eğitmen;EGT-0011;tugce.polat.11@egitmen.ornek.org;EGTYwgrgz243!011;Aktif;İlk girişte değiştirilmeli;
HSP-0092;Eğitmen;EGT-0012;seda.yilmaz.12@egitmen.ornek.org;EGTVozfpy528!012;Aktif;İlk girişte değiştirilmeli;
HSP-0093;Merkez Eğitim Sorumlusu;MES-0001;emre.kara.1@merkez.ornek.org;MESOrmcrj331!001;Aktif;İlk girişte değiştirilmeli;
HSP-0094;Merkez Eğitim Sorumlusu;MES-0002;emre.celik.2@merkez.ornek.org;MESTdjrfh383!002;Aktif;İlk girişte değiştirilmeli;
HSP-0095;Merkez Eğitim Sorumlusu;MES-0003;irem.yilmaz.3@merkez.ornek.org;MESCyguon469!003;Aktif;İlk girişte değiştirilmeli;
HSP-0096;Merkez Eğitim Sorumlusu;MES-0004;onur.simsek.4@merkez.ornek.org;MESYcsjys366!004;Aktif;İlk girişte değiştirilmeli;
HSP-0097;Merkez Eğitim Sorumlusu;MES-0005;ceren.celik.5@merkez.ornek.org;MESStkjdb734!005;Aktif;İlk girişte değiştirilmeli;
HSP-0098;Merkez Eğitim Sorumlusu;MES-0006;onur.cetin.6@merkez.ornek.org;MESJbqsxp915!006;Aktif;İlk girişte değiştirilmeli;
HSP-0099;Merkez Eğitim Sorumlusu;MES-0007;selin.ozturk.7@merkez.ornek.org;MESJjrrlr617!007;Aktif;İlk girişte değiştirilmeli;


Veri Seti Özeti;;;;;;;;
;;;;;;;;
Gösterge;Değer;;Eğitim Türü;Eğitim Sayısı;;Sınav Sonucu;Adet;
Gönüllü Sayısı;80;;Afet Farkındalık Eğitimi;4;;Geçti;214;
Eğitmen Sayısı;12;;Depremde Arama ve Kurtarma Eğitimi;4;;Kaldı;117;
Merkez Eğitim Sorumlusu;7;;Enkazda Arama ve Kurtarma Temel Eğitimi;3;;Değerlendirilmedi;26;
Eğitim Sayısı;30;;Navigasyon Eğitimi;5;;;;
Katılım Kaydı;607;;Kampçılık Eğitimi;1;;;;
Sınav Sayısı;17;;Haberleşme Eğitimi;9;;;;
Sınav Sonuç Kaydı;357;;Yangın Farkındalık Eğitimi;4;;;;
Başarılı Katılımcı;214;;;;;;;
Yeni Seviyeli Eğitim Sayısı;15;;;;;;;
Toplam Eğitim Sayısı;45;;;;;;;


Eğitim Grubu;Seviye;Eğitim Adı;Alan Kodu;Önerilen Süre (Gün);Geçme Puanı;
Kentsel Arama Kurtarma;1;Kentsel Arama Kurtarma Seviye 1 Eğitimi;Kentsel Arama Kurtarma 1;2;56;
Kentsel Arama Kurtarma;2;Kentsel Arama Kurtarma Seviye 2 Eğitimi;Kentsel Arama Kurtarma 2;3;57;
Kentsel Arama Kurtarma;3;Kentsel Arama Kurtarma Seviye 3 Eğitimi;Kentsel Arama Kurtarma 3;4;58;
Kentsel Arama Kurtarma;4;Kentsel Arama Kurtarma Seviye 4 Eğitimi;Kentsel Arama Kurtarma 4;5;59;
Kentsel Arama Kurtarma;5;Kentsel Arama Kurtarma Seviye 5 Eğitimi;Kentsel Arama Kurtarma 5;5;60;
Su Arama Kurtarma;1;Su Arama Kurtarma Seviye 1 Eğitimi;Su Arama Kurtarma 1;2;56;
Su Arama Kurtarma;2;Su Arama Kurtarma Seviye 2 Eğitimi;Su Arama Kurtarma 2;3;57;
Su Arama Kurtarma;3;Su Arama Kurtarma Seviye 3 Eğitimi;Su Arama Kurtarma 3;4;58;
Su Arama Kurtarma;4;Su Arama Kurtarma Seviye 4 Eğitimi;Su Arama Kurtarma 4;5;59;
Su Arama Kurtarma;5;Su Arama Kurtarma Seviye 5 Eğitimi;Su Arama Kurtarma 5;5;60;
Doğada Arama Kurtarma;1;Doğada Arama Kurtarma Seviye 1 Eğitimi;Doğada Arama Kurtarma 1;2;56;
Doğada Arama Kurtarma;2;Doğada Arama Kurtarma Seviye 2 Eğitimi;Doğada Arama Kurtarma 2;3;57;
Doğada Arama Kurtarma;3;Doğada Arama Kurtarma Seviye 3 Eğitimi;Doğada Arama Kurtarma 3;4;58;
Doğada Arama Kurtarma;4;Doğada Arama Kurtarma Seviye 4 Eğitimi;Doğada Arama Kurtarma 4;5;59;
Doğada Arama Kurtarma;5;Doğada Arama Kurtarma Seviye 5 Eğitimi;Doğada Arama Kurtarma 5;5;60;
